Period from,Period to,Agile Import price (p/kWh),Agile Export price (p/kWh)
24/01/2024 00:00,24/01/2024 00:30,0.88,1.48
24/01/2024 00:30,24/01/2024 01:00,3.95,2.82
24/01/2024 01:00,24/01/2024 01:30,2.21,2.06
24/01/2024 01:30,24/01/2024 02:00,0.02,1.11
24/01/2024 02:00,24/01/2024 02:30,1.81,1.89
24/01/2024 02:30,24/01/2024 03:00,0.70,1.41
24/01/2024 03:00,24/01/2024 03:30,0.22,1.20
24/01/2024 03:30,24/01/2024 04:00,-1.97,0.24
24/01/2024 04:00,24/01/2024 04:30,-1.80,0.32
24/01/2024 04:30,24/01/2024 05:00,0.00,1.10
24/01/2024 05:00,24/01/2024 05:30,2.65,2.25
24/01/2024 05:30,24/01/2024 06:00,6.62,3.98
24/01/2024 06:00,24/01/2024 06:30,10.30,5.58
24/01/2024 06:30,24/01/2024 07:00,13.37,6.92
24/01/2024 07:00,24/01/2024 07:30,14.69,7.49
24/01/2024 07:30,24/01/2024 08:00,14.41,7.37
24/01/2024 08:00,24/01/2024 08:30,13.78,7.10
24/01/2024 08:30,24/01/2024 09:00,14.01,7.20
24/01/2024 09:00,24/01/2024 09:30,14.47,7.40
24/01/2024 09:30,24/01/2024 10:00,13.89,7.15
24/01/2024 10:00,24/01/2024 10:30,13.81,7.11
24/01/2024 10:30,24/01/2024 11:00,12.09,6.36
24/01/2024 11:00,24/01/2024 11:30,11.27,6.01
24/01/2024 11:30,24/01/2024 12:00,12.13,6.38
24/01/2024 12:00,24/01/2024 12:30,12.35,6.48
24/01/2024 12:30,24/01/2024 13:00,12.61,6.59
24/01/2024 13:00,24/01/2024 13:30,13.43,6.95
24/01/2024 13:30,24/01/2024 14:00,13.19,6.84
24/01/2024 14:00,24/01/2024 14:30,15.44,7.82
24/01/2024 14:30,24/01/2024 15:00,15.44,7.82
24/01/2024 15:00,24/01/2024 15:30,14.55,7.44
24/01/2024 15:30,24/01/2024 16:00,13.92,7.16
24/01/2024 16:00,24/01/2024 16:30,25.77,12.72
24/01/2024 16:30,24/01/2024 17:00,29.58,14.38
24/01/2024 17:00,24/01/2024 17:30,29.78,14.47
24/01/2024 17:30,24/01/2024 18:00,30.14,14.62
24/01/2024 18:00,24/01/2024 18:30,30.06,14.59
24/01/2024 18:30,24/01/2024 19:00,29.74,14.45
24/01/2024 19:00,24/01/2024 19:30,17.64,8.78
24/01/2024 19:30,24/01/2024 20:00,16.82,8.42
24/01/2024 20:00,24/01/2024 20:30,17.64,8.78
24/01/2024 20:30,24/01/2024 21:00,15.48,7.84
24/01/2024 21:00,24/01/2024 21:30,15.74,7.95
24/01/2024 21:30,24/01/2024 22:00,14.51,7.42
24/01/2024 22:00,24/01/2024 22:30,15.66,7.92
24/01/2024 22:30,24/01/2024 23:00,14.77,7.53
24/01/2024 23:00,24/01/2024 23:30,13.63,7.03
24/01/2024 23:30,25/01/2024 00:00,13.63,7.03
25/01/2024 00:00,25/01/2024 00:30,13.23,6.86
25/01/2024 00:30,25/01/2024 01:00,14.60,7.46
25/01/2024 01:00,25/01/2024 01:30,17.26,8.62
25/01/2024 01:30,25/01/2024 02:00,15.66,7.92
25/01/2024 02:00,25/01/2024 02:30,15.21,7.72
25/01/2024 02:30,25/01/2024 03:00,13.61,7.02
25/01/2024 03:00,25/01/2024 03:30,12.79,6.67
25/01/2024 03:30,25/01/2024 04:00,11.75,6.22
25/01/2024 04:00,25/01/2024 04:30,13.39,6.93
25/01/2024 04:30,25/01/2024 05:00,11.03,5.90
25/01/2024 05:00,25/01/2024 05:30,14.73,7.51
25/01/2024 05:30,25/01/2024 06:00,13.53,6.99
25/01/2024 06:00,25/01/2024 06:30,16.76,8.40
25/01/2024 06:30,25/01/2024 07:00,18.52,9.16
25/01/2024 07:00,25/01/2024 07:30,18.96,9.36
25/01/2024 07:30,25/01/2024 08:00,19.36,9.53
25/01/2024 08:00,25/01/2024 08:30,18.16,9.01
25/01/2024 08:30,25/01/2024 09:00,18.08,8.97
25/01/2024 09:00,25/01/2024 09:30,16.45,8.26
25/01/2024 09:30,25/01/2024 10:00,15.17,7.70
25/01/2024 10:00,25/01/2024 10:30,16.23,8.17
25/01/2024 10:30,25/01/2024 11:00,14.84,7.56
25/01/2024 11:00,25/01/2024 11:30,13.87,7.14
25/01/2024 11:30,25/01/2024 12:00,14.93,7.60
25/01/2024 12:00,25/01/2024 12:30,14.53,7.43
25/01/2024 12:30,25/01/2024 13:00,14.60,7.46
25/01/2024 13:00,25/01/2024 13:30,15.41,7.81
25/01/2024 13:30,25/01/2024 14:00,14.33,7.34
25/01/2024 14:00,25/01/2024 14:30,16.54,8.30
25/01/2024 14:30,25/01/2024 15:00,14.55,7.44
25/01/2024 15:00,25/01/2024 15:30,14.80,7.55
25/01/2024 15:30,25/01/2024 16:00,15.88,8.01
25/01/2024 16:00,25/01/2024 16:30,27.29,13.38
25/01/2024 16:30,25/01/2024 17:00,29.88,14.52
25/01/2024 17:00,25/01/2024 17:30,31.34,15.15
25/01/2024 17:30,25/01/2024 18:00,31.16,15.07
25/01/2024 18:00,25/01/2024 18:30,30.55,14.81
25/01/2024 18:30,25/01/2024 19:00,30.24,14.67
25/01/2024 19:00,25/01/2024 19:30,15.96,8.05
25/01/2024 19:30,25/01/2024 20:00,14.99,7.63
25/01/2024 20:00,25/01/2024 20:30,14.77,7.53
25/01/2024 20:30,25/01/2024 21:00,14.99,7.63
25/01/2024 21:00,25/01/2024 21:30,13.91,7.16
25/01/2024 21:30,25/01/2024 22:00,13.23,6.86
25/01/2024 22:00,25/01/2024 22:30,13.45,6.96
25/01/2024 22:30,25/01/2024 23:00,9.10,5.06
25/01/2024 23:00,25/01/2024 23:30,11.53,6.12
25/01/2024 23:30,26/01/2024 00:00,10.85,5.82
26/01/2024 00:00,26/01/2024 00:30,8.82,4.94
26/01/2024 00:30,26/01/2024 01:00,11.47,6.09
26/01/2024 01:00,26/01/2024 01:30,10.80,5.80
26/01/2024 01:30,26/01/2024 02:00,6.90,4.10
26/01/2024 02:00,26/01/2024 02:30,8.96,5.00
26/01/2024 02:30,26/01/2024 03:00,7.94,4.56
26/01/2024 03:00,26/01/2024 03:30,8.38,4.75
26/01/2024 03:30,26/01/2024 04:00,7.04,4.16
26/01/2024 04:00,26/01/2024 04:30,8.80,4.93
26/01/2024 04:30,26/01/2024 05:00,8.80,4.93
26/01/2024 05:00,26/01/2024 05:30,10.28,5.57
26/01/2024 05:30,26/01/2024 06:00,11.60,6.15
26/01/2024 06:00,26/01/2024 06:30,12.13,6.38
26/01/2024 06:30,26/01/2024 07:00,15.79,7.97
26/01/2024 07:00,26/01/2024 07:30,13.45,6.96
26/01/2024 07:30,26/01/2024 08:00,17.18,8.58
26/01/2024 08:00,26/01/2024 08:30,16.36,8.22
26/01/2024 08:30,26/01/2024 09:00,17.20,8.59
26/01/2024 09:00,26/01/2024 09:30,16.54,8.30
26/01/2024 09:30,26/01/2024 10:00,15.70,7.94
26/01/2024 10:00,26/01/2024 10:30,13.61,7.02
26/01/2024 10:30,26/01/2024 11:00,11.69,6.19
26/01/2024 11:00,26/01/2024 11:30,11.91,6.28
26/01/2024 11:30,26/01/2024 12:00,11.51,6.11
26/01/2024 12:00,26/01/2024 12:30,11.18,5.97
26/01/2024 12:30,26/01/2024 13:00,10.96,5.87
26/01/2024 13:00,26/01/2024 13:30,10.36,5.61
26/01/2024 13:30,26/01/2024 14:00,10.96,5.87
26/01/2024 14:00,26/01/2024 14:30,10.96,5.87
26/01/2024 14:30,26/01/2024 15:00,12.13,6.38
26/01/2024 15:00,26/01/2024 15:30,13.89,7.15
26/01/2024 15:30,26/01/2024 16:00,12.39,6.50
26/01/2024 16:00,26/01/2024 16:30,24.95,12.37
26/01/2024 16:30,26/01/2024 17:00,28.98,14.12
26/01/2024 17:00,26/01/2024 17:30,31.04,15.02
26/01/2024 17:30,26/01/2024 18:00,30.74,14.89
26/01/2024 18:00,26/01/2024 18:30,30.90,14.96
26/01/2024 18:30,26/01/2024 19:00,30.42,14.75
26/01/2024 19:00,26/01/2024 19:30,17.20,8.59
26/01/2024 19:30,26/01/2024 20:00,16.21,8.16
26/01/2024 20:00,26/01/2024 20:30,14.64,7.47
26/01/2024 20:30,26/01/2024 21:00,13.23,6.86
26/01/2024 21:00,26/01/2024 21:30,14.60,7.46
26/01/2024 21:30,26/01/2024 22:00,14.53,7.43
26/01/2024 22:00,26/01/2024 22:30,14.51,7.42
26/01/2024 22:30,26/01/2024 23:00,13.27,6.88
26/01/2024 23:00,26/01/2024 23:30,12.75,6.65
26/01/2024 23:30,27/01/2024 00:00,11.49,6.10
27/01/2024 00:00,27/01/2024 00:30,10.69,5.76
27/01/2024 00:30,27/01/2024 01:00,13.73,7.08
27/01/2024 01:00,27/01/2024 01:30,12.83,6.69
27/01/2024 01:30,27/01/2024 02:00,11.03,5.90
27/01/2024 02:00,27/01/2024 02:30,11.91,6.28
27/01/2024 02:30,27/01/2024 03:00,11.03,5.90
27/01/2024 03:00,27/01/2024 03:30,11.47,6.09
27/01/2024 03:30,27/01/2024 04:00,11.18,5.97
27/01/2024 04:00,27/01/2024 04:30,11.47,6.09
27/01/2024 04:30,27/01/2024 05:00,11.29,6.02
27/01/2024 05:00,27/01/2024 05:30,11.25,6.00
27/01/2024 05:30,27/01/2024 06:00,11.75,6.22
27/01/2024 06:00,27/01/2024 06:30,13.05,6.78
27/01/2024 06:30,27/01/2024 07:00,13.51,6.98
27/01/2024 07:00,27/01/2024 07:30,13.23,6.86
27/01/2024 07:30,27/01/2024 08:00,14.84,7.56
27/01/2024 08:00,27/01/2024 08:30,13.67,7.05
27/01/2024 08:30,27/01/2024 09:00,17.64,8.78
27/01/2024 09:00,27/01/2024 09:30,15.44,7.82
27/01/2024 09:30,27/01/2024 10:00,16.32,8.20
27/01/2024 10:00,27/01/2024 10:30,13.19,6.84
27/01/2024 10:30,27/01/2024 11:00,12.78,6.66
27/01/2024 11:00,27/01/2024 11:30,11.03,5.90
27/01/2024 11:30,27/01/2024 12:00,11.03,5.90
27/01/2024 12:00,27/01/2024 12:30,10.32,5.59
27/01/2024 12:30,27/01/2024 13:00,10.98,5.88
27/01/2024 13:00,27/01/2024 13:30,11.03,5.90
27/01/2024 13:30,27/01/2024 14:00,10.14,5.52
27/01/2024 14:00,27/01/2024 14:30,13.51,6.98
27/01/2024 14:30,27/01/2024 15:00,13.51,6.98
27/01/2024 15:00,27/01/2024 15:30,15.44,7.82
27/01/2024 15:30,27/01/2024 16:00,15.44,7.82
27/01/2024 16:00,27/01/2024 16:30,26.93,13.23
27/01/2024 16:30,27/01/2024 17:00,30.90,14.96
27/01/2024 17:00,27/01/2024 17:30,31.34,15.15
27/01/2024 17:30,27/01/2024 18:00,31.34,15.15
27/01/2024 18:00,27/01/2024 18:30,31.52,15.23
27/01/2024 18:30,27/01/2024 19:00,28.48,13.90
27/01/2024 19:00,27/01/2024 19:30,18.16,9.01
27/01/2024 19:30,27/01/2024 20:00,13.23,6.86
27/01/2024 20:00,27/01/2024 20:30,14.69,7.50
27/01/2024 20:30,27/01/2024 21:00,13.23,6.86
27/01/2024 21:00,27/01/2024 21:30,14.60,7.46
27/01/2024 21:30,27/01/2024 22:00,12.35,6.48
27/01/2024 22:00,27/01/2024 22:30,13.23,6.86
27/01/2024 22:30,27/01/2024 23:00,12.75,6.65
27/01/2024 23:00,27/01/2024 23:30,12.57,6.57
27/01/2024 23:30,28/01/2024 00:00,9.70,5.32
28/01/2024 00:00,28/01/2024 00:30,8.22,4.68
28/01/2024 00:30,28/01/2024 01:00,12.39,6.50
28/01/2024 01:00,28/01/2024 01:30,11.00,5.89
28/01/2024 01:30,28/01/2024 02:00,7.56,4.39
28/01/2024 02:00,28/01/2024 02:30,10.58,5.71
28/01/2024 02:30,28/01/2024 03:00,7.94,4.56
28/01/2024 03:00,28/01/2024 03:30,8.82,4.94
28/01/2024 03:30,28/01/2024 04:00,6.92,4.11
28/01/2024 04:00,28/01/2024 04:30,6.92,4.11
28/01/2024 04:30,28/01/2024 05:00,6.59,3.97
28/01/2024 05:00,28/01/2024 05:30,9.48,5.23
28/01/2024 05:30,28/01/2024 06:00,9.86,5.39
28/01/2024 06:00,28/01/2024 06:30,10.85,5.82
28/01/2024 06:30,28/01/2024 07:00,11.57,6.14
28/01/2024 07:00,28/01/2024 07:30,10.83,5.81
28/01/2024 07:30,28/01/2024 08:00,9.60,5.28
28/01/2024 08:00,28/01/2024 08:30,7.83,4.51
28/01/2024 08:30,28/01/2024 09:00,13.78,7.10
28/01/2024 09:00,28/01/2024 09:30,8.36,4.74
28/01/2024 09:30,28/01/2024 10:00,10.23,5.55
28/01/2024 10:00,28/01/2024 10:30,9.44,5.21
28/01/2024 10:30,28/01/2024 11:00,9.22,5.11
28/01/2024 11:00,28/01/2024 11:30,6.62,3.98
28/01/2024 11:30,28/01/2024 12:00,8.29,4.71
28/01/2024 12:00,28/01/2024 12:30,6.84,4.08
28/01/2024 12:30,28/01/2024 13:00,7.94,4.56
28/01/2024 13:00,28/01/2024 13:30,7.88,4.53
28/01/2024 13:30,28/01/2024 14:00,6.66,4.00
28/01/2024 14:00,28/01/2024 14:30,9.50,5.24
28/01/2024 14:30,28/01/2024 15:00,8.14,4.64
28/01/2024 15:00,28/01/2024 15:30,9.92,5.42
28/01/2024 15:30,28/01/2024 16:00,13.78,7.10
28/01/2024 16:00,28/01/2024 16:30,24.91,12.35
28/01/2024 16:30,28/01/2024 17:00,29.00,14.13
28/01/2024 17:00,28/01/2024 17:30,30.90,14.96
28/01/2024 17:30,28/01/2024 18:00,29.90,14.53
28/01/2024 18:00,28/01/2024 18:30,27.59,13.52
28/01/2024 18:30,28/01/2024 19:00,24.95,12.37
28/01/2024 19:00,28/01/2024 19:30,16.03,8.08
28/01/2024 19:30,28/01/2024 20:00,12.85,6.70
28/01/2024 20:00,28/01/2024 20:30,14.33,7.34
28/01/2024 20:30,28/01/2024 21:00,12.13,6.38
28/01/2024 21:00,28/01/2024 21:30,13.67,7.05
28/01/2024 21:30,28/01/2024 22:00,11.22,5.99
28/01/2024 22:00,28/01/2024 22:30,12.13,6.38
28/01/2024 22:30,28/01/2024 23:00,9.92,5.42
28/01/2024 23:00,28/01/2024 23:30,12.35,6.48
28/01/2024 23:30,29/01/2024 00:00,12.13,6.38
29/01/2024 00:00,29/01/2024 00:30,8.93,4.99
29/01/2024 00:30,29/01/2024 01:00,15.19,7.71
29/01/2024 01:00,29/01/2024 01:30,13.89,7.15
29/01/2024 01:30,29/01/2024 02:00,13.76,7.09
29/01/2024 02:00,29/01/2024 02:30,15.48,7.84
29/01/2024 02:30,29/01/2024 03:00,15.52,7.86
29/01/2024 03:00,29/01/2024 03:30,17.64,8.78
29/01/2024 03:30,29/01/2024 04:00,16.98,8.49
29/01/2024 04:00,29/01/2024 04:30,17.20,8.59
29/01/2024 04:30,29/01/2024 05:00,13.47,6.97
29/01/2024 05:00,29/01/2024 05:30,13.93,7.17
29/01/2024 05:30,29/01/2024 06:00,13.67,7.05
29/01/2024 06:00,29/01/2024 06:30,17.64,8.78
29/01/2024 06:30,29/01/2024 07:00,15.88,8.01
29/01/2024 07:00,29/01/2024 07:30,13.67,7.05
29/01/2024 07:30,29/01/2024 08:00,17.64,8.78
29/01/2024 08:00,29/01/2024 08:30,13.93,7.17
29/01/2024 08:30,29/01/2024 09:00,16.88,8.45
29/01/2024 09:00,29/01/2024 09:30,16.27,8.18
29/01/2024 09:30,29/01/2024 10:00,16.42,8.25
29/01/2024 10:00,29/01/2024 10:30,16.54,8.30
29/01/2024 10:30,29/01/2024 11:00,15.61,7.90
29/01/2024 11:00,29/01/2024 11:30,14.18,7.27
29/01/2024 11:30,29/01/2024 12:00,15.21,7.72
29/01/2024 12:00,29/01/2024 12:30,14.51,7.42
29/01/2024 12:30,29/01/2024 13:00,13.47,6.97
29/01/2024 13:00,29/01/2024 13:30,15.26,7.74
29/01/2024 13:30,29/01/2024 14:00,12.96,6.74
29/01/2024 14:00,29/01/2024 14:30,16.50,8.28
29/01/2024 14:30,29/01/2024 15:00,14.99,7.63
29/01/2024 15:00,29/01/2024 15:30,14.55,7.44
29/01/2024 15:30,29/01/2024 16:00,17.64,8.78
29/01/2024 16:00,29/01/2024 16:30,28.94,14.10
29/01/2024 16:30,29/01/2024 17:00,32.84,15.80
29/01/2024 17:00,29/01/2024 17:30,30.90,14.96
29/01/2024 17:30,29/01/2024 18:00,31.12,15.05
29/01/2024 18:00,29/01/2024 18:30,31.34,15.15
29/01/2024 18:30,29/01/2024 19:00,28.48,13.90
29/01/2024 19:00,29/01/2024 19:30,17.20,8.59
29/01/2024 19:30,29/01/2024 20:00,12.35,6.48
29/01/2024 20:00,29/01/2024 20:30,15.44,7.82
29/01/2024 20:30,29/01/2024 21:00,11.67,6.18
29/01/2024 21:00,29/01/2024 21:30,14.29,7.32
29/01/2024 21:30,29/01/2024 22:00,14.11,7.24
29/01/2024 22:00,29/01/2024 22:30,17.35,8.65
29/01/2024 22:30,29/01/2024 23:00,13.45,6.96
29/01/2024 23:00,29/01/2024 23:30,14.55,7.44
29/01/2024 23:30,30/01/2024 00:00,13.53,6.99
30/01/2024 00:00,30/01/2024 00:30,13.17,6.83
30/01/2024 00:30,30/01/2024 01:00,15.88,8.01
30/01/2024 01:00,30/01/2024 01:30,13.23,6.86
30/01/2024 01:30,30/01/2024 02:00,11.99,6.32
30/01/2024 02:00,30/01/2024 02:30,12.71,6.63
30/01/2024 02:30,30/01/2024 03:00,11.73,6.21
30/01/2024 03:00,30/01/2024 03:30,11.69,6.19
30/01/2024 03:30,30/01/2024 04:00,11.69,6.19
30/01/2024 04:00,30/01/2024 04:30,13.01,6.76
30/01/2024 04:30,30/01/2024 05:00,12.99,6.75
30/01/2024 05:00,30/01/2024 05:30,14.29,7.32
30/01/2024 05:30,30/01/2024 06:00,13.23,6.86
30/01/2024 06:00,30/01/2024 06:30,16.10,8.11
30/01/2024 06:30,30/01/2024 07:00,14.77,7.53
30/01/2024 07:00,30/01/2024 07:30,15.44,7.82
30/01/2024 07:30,30/01/2024 08:00,18.52,9.16
30/01/2024 08:00,30/01/2024 08:30,15.44,7.82
30/01/2024 08:30,30/01/2024 09:00,18.61,9.20
30/01/2024 09:00,30/01/2024 09:30,16.23,8.17
30/01/2024 09:30,30/01/2024 10:00,16.23,8.17
30/01/2024 10:00,30/01/2024 10:30,14.57,7.45
30/01/2024 10:30,30/01/2024 11:00,14.55,7.44
30/01/2024 11:00,30/01/2024 11:30,14.05,7.22
30/01/2024 11:30,30/01/2024 12:00,14.18,7.27
30/01/2024 12:00,30/01/2024 12:30,13.23,6.86
30/01/2024 12:30,30/01/2024 13:00,12.99,6.75
30/01/2024 13:00,30/01/2024 13:30,14.33,7.34
30/01/2024 13:30,30/01/2024 14:00,14.11,7.24
30/01/2024 14:00,30/01/2024 14:30,14.93,7.60
30/01/2024 14:30,30/01/2024 15:00,15.44,7.82
30/01/2024 15:00,30/01/2024 15:30,14.55,7.44
30/01/2024 15:30,30/01/2024 16:00,16.58,8.32
30/01/2024 16:00,30/01/2024 16:30,28.60,13.96
30/01/2024 16:30,30/01/2024 17:00,31.44,15.19
30/01/2024 17:00,30/01/2024 17:30,30.40,14.74
30/01/2024 17:30,30/01/2024 18:00,31.12,15.05
30/01/2024 18:00,30/01/2024 18:30,32.36,15.59
30/01/2024 18:30,30/01/2024 19:00,31.65,15.28
30/01/2024 19:00,30/01/2024 19:30,19.12,9.42
30/01/2024 19:30,30/01/2024 20:00,16.58,8.32
30/01/2024 20:00,30/01/2024 20:30,17.64,8.78
30/01/2024 20:30,30/01/2024 21:00,14.99,7.63
30/01/2024 21:00,30/01/2024 21:30,17.86,8.88
30/01/2024 21:30,30/01/2024 22:00,13.91,7.16
30/01/2024 22:00,30/01/2024 22:30,13.91,7.16
30/01/2024 22:30,30/01/2024 23:00,12.51,6.54
30/01/2024 23:00,30/01/2024 23:30,14.33,7.34
30/01/2024 23:30,31/01/2024 00:00,14.62,7.46
31/01/2024 00:00,31/01/2024 00:30,13.89,7.15
31/01/2024 00:30,31/01/2024 01:00,14.82,7.55
31/01/2024 01:00,31/01/2024 01:30,15.74,7.95
31/01/2024 01:30,31/01/2024 02:00,13.41,6.94
31/01/2024 02:00,31/01/2024 02:30,13.76,7.09
31/01/2024 02:30,31/01/2024 03:00,12.79,6.67
31/01/2024 03:00,31/01/2024 03:30,12.97,6.74
31/01/2024 03:30,31/01/2024 04:00,12.68,6.62
31/01/2024 04:00,31/01/2024 04:30,12.83,6.69
31/01/2024 04:30,31/01/2024 05:00,12.26,6.44
31/01/2024 05:00,31/01/2024 05:30,12.13,6.38
31/01/2024 05:30,31/01/2024 06:00,12.13,6.38
31/01/2024 06:00,31/01/2024 06:30,13.23,6.86
31/01/2024 06:30,31/01/2024 07:00,14.11,7.24
31/01/2024 07:00,31/01/2024 07:30,16.01,8.07
31/01/2024 07:30,31/01/2024 08:00,17.36,8.66
31/01/2024 08:00,31/01/2024 08:30,17.20,8.59
31/01/2024 08:30,31/01/2024 09:00,17.28,8.63
31/01/2024 09:00,31/01/2024 09:30,16.09,8.10
31/01/2024 09:30,31/01/2024 10:00,15.88,8.01
31/01/2024 10:00,31/01/2024 10:30,14.47,7.40
31/01/2024 10:30,31/01/2024 11:00,13.98,7.19
31/01/2024 11:00,31/01/2024 11:30,12.35,6.48
31/01/2024 11:30,31/01/2024 12:00,14.11,7.24
31/01/2024 12:00,31/01/2024 12:30,13.98,7.19
31/01/2024 12:30,31/01/2024 13:00,13.34,6.91
31/01/2024 13:00,31/01/2024 13:30,13.19,6.84
31/01/2024 13:30,31/01/2024 14:00,12.47,6.53
31/01/2024 14:00,31/01/2024 14:30,13.98,7.19
31/01/2024 14:30,31/01/2024 15:00,13.23,6.86
31/01/2024 15:00,31/01/2024 15:30,12.89,6.72
31/01/2024 15:30,31/01/2024 16:00,14.09,7.23
31/01/2024 16:00,31/01/2024 16:30,27.95,13.67
31/01/2024 16:30,31/01/2024 17:00,30.68,14.86
31/01/2024 17:00,31/01/2024 17:30,29.46,14.33
31/01/2024 17:30,31/01/2024 18:00,30.24,14.67
31/01/2024 18:00,31/01/2024 18:30,29.80,14.48
31/01/2024 18:30,31/01/2024 19:00,28.70,14.00
31/01/2024 19:00,31/01/2024 19:30,14.77,7.53
31/01/2024 19:30,31/01/2024 20:00,15.06,7.66
31/01/2024 20:00,31/01/2024 20:30,13.98,7.19
31/01/2024 20:30,31/01/2024 21:00,13.78,7.10
31/01/2024 21:00,31/01/2024 21:30,13.98,7.19
31/01/2024 21:30,31/01/2024 22:00,12.68,6.62
31/01/2024 22:00,31/01/2024 22:30,13.41,6.94
31/01/2024 22:30,31/01/2024 23:00,7.94,4.56
31/01/2024 23:00,31/01/2024 23:30,9.92,5.42
31/01/2024 23:30,01/02/2024 00:00,9.68,5.31
01/02/2024 00:00,01/02/2024 00:30,7.81,4.50
01/02/2024 00:30,01/02/2024 01:00,11.60,6.15
01/02/2024 01:00,01/02/2024 01:30,9.92,5.42
01/02/2024 01:30,01/02/2024 02:00,9.72,5.33
01/02/2024 02:00,01/02/2024 02:30,9.92,5.42
01/02/2024 02:30,01/02/2024 03:00,9.44,5.21
01/02/2024 03:00,01/02/2024 03:30,9.54,5.26
01/02/2024 03:30,01/02/2024 04:00,9.04,5.04
01/02/2024 04:00,01/02/2024 04:30,10.87,5.83
01/02/2024 04:30,01/02/2024 05:00,8.96,5.00
01/02/2024 05:00,01/02/2024 05:30,12.33,6.47
01/02/2024 05:30,01/02/2024 06:00,13.01,6.76
01/02/2024 06:00,01/02/2024 06:30,15.70,7.94
01/02/2024 06:30,01/02/2024 07:00,15.92,8.03
01/02/2024 07:00,01/02/2024 07:30,17.38,8.66
01/02/2024 07:30,01/02/2024 08:00,19.18,9.45
01/02/2024 08:00,01/02/2024 08:30,17.04,8.52
01/02/2024 08:30,01/02/2024 09:00,18.96,9.36
01/02/2024 09:00,01/02/2024 09:30,16.98,8.49
01/02/2024 09:30,01/02/2024 10:00,16.36,8.22
01/02/2024 10:00,01/02/2024 10:30,15.52,7.86
01/02/2024 10:30,01/02/2024 11:00,14.57,7.45
01/02/2024 11:00,01/02/2024 11:30,13.67,7.05
01/02/2024 11:30,01/02/2024 12:00,14.33,7.34
01/02/2024 12:00,01/02/2024 12:30,13.23,6.86
01/02/2024 12:30,01/02/2024 13:00,12.35,6.48
01/02/2024 13:00,01/02/2024 13:30,13.39,6.93
01/02/2024 13:30,01/02/2024 14:00,12.97,6.74
01/02/2024 14:00,01/02/2024 14:30,14.57,7.45
01/02/2024 14:30,01/02/2024 15:00,14.57,7.45
01/02/2024 15:00,01/02/2024 15:30,14.45,7.39
01/02/2024 15:30,01/02/2024 16:00,14.79,7.54
01/02/2024 16:00,01/02/2024 16:30,28.58,13.95
01/02/2024 16:30,01/02/2024 17:00,31.56,15.25
01/02/2024 17:00,01/02/2024 17:30,31.12,15.05
01/02/2024 17:30,01/02/2024 18:00,31.16,15.07
01/02/2024 18:00,01/02/2024 18:30,31.34,15.15
01/02/2024 18:30,01/02/2024 19:00,28.58,13.95
01/02/2024 19:00,01/02/2024 19:30,16.36,8.22
01/02/2024 19:30,01/02/2024 20:00,15.63,7.91
01/02/2024 20:00,01/02/2024 20:30,15.88,8.01
01/02/2024 20:30,01/02/2024 21:00,15.08,7.67
01/02/2024 21:00,01/02/2024 21:30,16.56,8.31
01/02/2024 21:30,01/02/2024 22:00,15.17,7.70
01/02/2024 22:00,01/02/2024 22:30,14.57,7.45
01/02/2024 22:30,01/02/2024 23:00,11.91,6.28
01/02/2024 23:00,01/02/2024 23:30,11.64,6.17
01/02/2024 23:30,02/02/2024 00:00,11.64,6.17
02/02/2024 00:00,02/02/2024 00:30,10.80,5.80
02/02/2024 00:30,02/02/2024 01:00,11.33,6.03
02/02/2024 01:00,02/02/2024 01:30,11.03,5.90
02/02/2024 01:30,02/02/2024 02:00,9.60,5.28
02/02/2024 02:00,02/02/2024 02:30,11.03,5.90
02/02/2024 02:30,02/02/2024 03:00,10.58,5.71
02/02/2024 03:00,02/02/2024 03:30,11.03,5.90
02/02/2024 03:30,02/02/2024 04:00,10.04,5.47
02/02/2024 04:00,02/02/2024 04:30,10.61,5.72
02/02/2024 04:30,02/02/2024 05:00,10.61,5.72
02/02/2024 05:00,02/02/2024 05:30,10.56,5.70
02/02/2024 05:30,02/02/2024 06:00,9.92,5.42
02/02/2024 06:00,02/02/2024 06:30,12.09,6.36
02/02/2024 06:30,02/02/2024 07:00,16.50,8.28
02/02/2024 07:00,02/02/2024 07:30,14.82,7.55
02/02/2024 07:30,02/02/2024 08:00,16.58,8.32
02/02/2024 08:00,02/02/2024 08:30,14.99,7.63
02/02/2024 08:30,02/02/2024 09:00,16.54,8.30
02/02/2024 09:00,02/02/2024 09:30,15.88,8.01
02/02/2024 09:30,02/02/2024 10:00,16.10,8.11
02/02/2024 10:00,02/02/2024 10:30,15.66,7.92
02/02/2024 10:30,02/02/2024 11:00,14.79,7.54
02/02/2024 11:00,02/02/2024 11:30,13.23,6.86
02/02/2024 11:30,02/02/2024 12:00,13.59,7.01
02/02/2024 12:00,02/02/2024 12:30,12.35,6.48
02/02/2024 12:30,02/02/2024 13:00,13.89,7.15
02/02/2024 13:00,02/02/2024 13:30,12.97,6.74
02/02/2024 13:30,02/02/2024 14:00,11.84,6.26
02/02/2024 14:00,02/02/2024 14:30,12.35,6.48
02/02/2024 14:30,02/02/2024 15:00,11.82,6.25
02/02/2024 15:00,02/02/2024 15:30,11.03,5.90
02/02/2024 15:30,02/02/2024 16:00,13.05,6.78
02/02/2024 16:00,02/02/2024 16:30,24.95,12.37
02/02/2024 16:30,02/02/2024 17:00,28.48,13.90
02/02/2024 17:00,02/02/2024 17:30,29.58,14.38
02/02/2024 17:30,02/02/2024 18:00,29.36,14.29
02/02/2024 18:00,02/02/2024 18:30,29.52,14.35
02/02/2024 18:30,02/02/2024 19:00,28.39,13.86
02/02/2024 19:00,02/02/2024 19:30,17.86,8.88
02/02/2024 19:30,02/02/2024 20:00,15.44,7.82
02/02/2024 20:00,02/02/2024 20:30,14.25,7.30
02/02/2024 20:30,02/02/2024 21:00,10.61,5.72
02/02/2024 21:00,02/02/2024 21:30,13.67,7.05
02/02/2024 21:30,02/02/2024 22:00,7.94,4.56
02/02/2024 22:00,02/02/2024 22:30,9.74,5.34
02/02/2024 22:30,02/02/2024 23:00,7.72,4.46
02/02/2024 23:00,02/02/2024 23:30,6.07,3.74
02/02/2024 23:30,03/02/2024 00:00,4.37,3.00
03/02/2024 00:00,03/02/2024 00:30,5.29,3.40
03/02/2024 00:30,03/02/2024 01:00,8.46,4.79
03/02/2024 01:00,03/02/2024 01:30,6.63,3.98
03/02/2024 01:30,03/02/2024 02:00,2.87,2.35
03/02/2024 02:00,03/02/2024 02:30,1.28,1.66
03/02/2024 02:30,03/02/2024 03:00,0.00,1.10
03/02/2024 03:00,03/02/2024 03:30,1.76,1.87
03/02/2024 03:30,03/02/2024 04:00,0.00,1.10
03/02/2024 04:00,03/02/2024 04:30,3.11,2.45
03/02/2024 04:30,03/02/2024 05:00,3.09,2.44
03/02/2024 05:00,03/02/2024 05:30,4.41,3.02
03/02/2024 05:30,03/02/2024 06:00,5.05,3.30
03/02/2024 06:00,03/02/2024 06:30,6.75,4.04
03/02/2024 06:30,03/02/2024 07:00,6.84,4.08
03/02/2024 07:00,03/02/2024 07:30,6.31,3.85
03/02/2024 07:30,03/02/2024 08:00,12.13,6.38
03/02/2024 08:00,03/02/2024 08:30,10.43,5.64
03/02/2024 08:30,03/02/2024 09:00,15.48,7.84
03/02/2024 09:00,03/02/2024 09:30,11.18,5.97
03/02/2024 09:30,03/02/2024 10:00,14.07,7.22
03/02/2024 10:00,03/02/2024 10:30,14.07,7.22
03/02/2024 10:30,03/02/2024 11:00,13.23,6.86
03/02/2024 11:00,03/02/2024 11:30,12.29,6.45
03/02/2024 11:30,03/02/2024 12:00,13.23,6.86
03/02/2024 12:00,03/02/2024 12:30,13.69,7.06
03/02/2024 12:30,03/02/2024 13:00,13.23,6.86
03/02/2024 13:00,03/02/2024 13:30,13.67,7.05
03/02/2024 13:30,03/02/2024 14:00,12.13,6.38
03/02/2024 14:00,03/02/2024 14:30,12.13,6.38
03/02/2024 14:30,03/02/2024 15:00,12.13,6.38
03/02/2024 15:00,03/02/2024 15:30,10.98,5.88
03/02/2024 15:30,03/02/2024 16:00,11.03,5.90
03/02/2024 16:00,03/02/2024 16:30,26.51,13.05
03/02/2024 16:30,03/02/2024 17:00,30.88,14.95
03/02/2024 17:00,03/02/2024 17:30,30.90,14.96
03/02/2024 17:30,03/02/2024 18:00,30.94,14.98
03/02/2024 18:00,03/02/2024 18:30,30.82,14.92
03/02/2024 18:30,03/02/2024 19:00,29.80,14.48
03/02/2024 19:00,03/02/2024 19:30,16.32,8.20
03/02/2024 19:30,03/02/2024 20:00,12.35,6.48
03/02/2024 20:00,03/02/2024 20:30,14.11,7.24
03/02/2024 20:30,03/02/2024 21:00,11.03,5.90
03/02/2024 21:00,03/02/2024 21:30,13.67,7.05
03/02/2024 21:30,03/02/2024 22:00,8.15,4.65
03/02/2024 22:00,03/02/2024 22:30,10.43,5.64
03/02/2024 22:30,03/02/2024 23:00,6.17,3.79
03/02/2024 23:00,03/02/2024 23:30,9.74,5.34
03/02/2024 23:30,04/02/2024 00:00,6.35,3.86
04/02/2024 00:00,04/02/2024 00:30,3.09,2.44
04/02/2024 00:30,04/02/2024 01:00,6.17,3.79
04/02/2024 01:00,04/02/2024 01:30,3.53,2.64
04/02/2024 01:30,04/02/2024 02:00,0.22,1.20
04/02/2024 02:00,04/02/2024 02:30,1.76,1.87
04/02/2024 02:30,04/02/2024 03:00,0.88,1.48
04/02/2024 03:00,04/02/2024 03:30,1.32,1.68
04/02/2024 03:30,04/02/2024 04:00,0.00,1.10
04/02/2024 04:00,04/02/2024 04:30,0.36,1.25
04/02/2024 04:30,04/02/2024 05:00,0.00,1.10
04/02/2024 05:00,04/02/2024 05:30,0.00,1.10
04/02/2024 05:30,04/02/2024 06:00,0.00,1.10
04/02/2024 06:00,04/02/2024 06:30,1.61,1.80
04/02/2024 06:30,04/02/2024 07:00,2.47,2.18
04/02/2024 07:00,04/02/2024 07:30,-0.70,0.79
04/02/2024 07:30,04/02/2024 08:00,3.13,2.46
04/02/2024 08:00,04/02/2024 08:30,-1.66,0.38
04/02/2024 08:30,04/02/2024 09:00,5.40,3.45
04/02/2024 09:00,04/02/2024 09:30,1.76,1.87
04/02/2024 09:30,04/02/2024 10:00,7.65,4.43
04/02/2024 10:00,04/02/2024 10:30,4.39,3.01
04/02/2024 10:30,04/02/2024 11:00,6.48,3.92
04/02/2024 11:00,04/02/2024 11:30,6.72,4.03
04/02/2024 11:30,04/02/2024 12:00,9.18,5.09
04/02/2024 12:00,04/02/2024 12:30,8.07,4.61
04/02/2024 12:30,04/02/2024 13:00,9.24,5.12
04/02/2024 13:00,04/02/2024 13:30,8.82,4.94
04/02/2024 13:30,04/02/2024 14:00,7.36,4.31
04/02/2024 14:00,04/02/2024 14:30,7.72,4.46
04/02/2024 14:30,04/02/2024 15:00,8.16,4.65
04/02/2024 15:00,04/02/2024 15:30,9.35,5.17
04/02/2024 15:30,04/02/2024 16:00,8.82,4.94
04/02/2024 16:00,04/02/2024 16:30,24.51,12.17
04/02/2024 16:30,04/02/2024 17:00,27.26,13.37
04/02/2024 17:00,04/02/2024 17:30,29.14,14.19
04/02/2024 17:30,04/02/2024 18:00,28.48,13.90
04/02/2024 18:00,04/02/2024 18:30,29.96,14.55
04/02/2024 18:30,04/02/2024 19:00,29.14,14.19
04/02/2024 19:00,04/02/2024 19:30,16.32,8.20
04/02/2024 19:30,04/02/2024 20:00,12.85,6.70
04/02/2024 20:00,04/02/2024 20:30,11.51,6.11
04/02/2024 20:30,04/02/2024 21:00,8.38,4.75
04/02/2024 21:00,04/02/2024 21:30,10.23,5.55
04/02/2024 21:30,04/02/2024 22:00,5.29,3.40
04/02/2024 22:00,04/02/2024 22:30,7.19,4.23
04/02/2024 22:30,04/02/2024 23:00,5.51,3.50
04/02/2024 23:00,04/02/2024 23:30,3.53,2.64
04/02/2024 23:30,05/02/2024 00:00,0.00,1.10
05/02/2024 00:00,05/02/2024 00:30,-2.21,0.14
05/02/2024 00:30,05/02/2024 01:00,1.10,1.58
05/02/2024 01:00,05/02/2024 01:30,1.10,1.58
05/02/2024 01:30,05/02/2024 02:00,-1.72,0.35
05/02/2024 02:00,05/02/2024 02:30,0.88,1.48
05/02/2024 02:30,05/02/2024 03:00,0.00,1.10
05/02/2024 03:00,05/02/2024 03:30,-0.66,0.81
05/02/2024 03:30,05/02/2024 04:00,-2.69,0.00
05/02/2024 04:00,05/02/2024 04:30,0.00,1.10
05/02/2024 04:30,05/02/2024 05:00,-1.72,0.35
05/02/2024 05:00,05/02/2024 05:30,5.29,3.40
05/02/2024 05:30,05/02/2024 06:00,8.12,4.63
05/02/2024 06:00,05/02/2024 06:30,12.48,6.53
05/02/2024 06:30,05/02/2024 07:00,18.52,9.16
05/02/2024 07:00,05/02/2024 07:30,13.01,6.76
05/02/2024 07:30,05/02/2024 08:00,18.52,9.16
05/02/2024 08:00,05/02/2024 08:30,15.66,7.92
05/02/2024 08:30,05/02/2024 09:00,17.80,8.85
05/02/2024 09:00,05/02/2024 09:30,14.42,7.38
05/02/2024 09:30,05/02/2024 10:00,15.57,7.88
05/02/2024 10:00,05/02/2024 10:30,14.77,7.53
05/02/2024 10:30,05/02/2024 11:00,14.75,7.52
05/02/2024 11:00,05/02/2024 11:30,14.93,7.60
05/02/2024 11:30,05/02/2024 12:00,16.74,8.39
05/02/2024 12:00,05/02/2024 12:30,14.99,7.63
05/02/2024 12:30,05/02/2024 13:00,14.82,7.55
05/02/2024 13:00,05/02/2024 13:30,15.17,7.70
05/02/2024 13:30,05/02/2024 14:00,14.33,7.34
05/02/2024 14:00,05/02/2024 14:30,14.27,7.31
05/02/2024 14:30,05/02/2024 15:00,13.83,7.12
05/02/2024 15:00,05/02/2024 15:30,13.87,7.14
05/02/2024 15:30,05/02/2024 16:00,14.18,7.27
05/02/2024 16:00,05/02/2024 16:30,26.93,13.23
05/02/2024 16:30,05/02/2024 17:00,30.24,14.67
05/02/2024 17:00,05/02/2024 17:30,30.24,14.67
05/02/2024 17:30,05/02/2024 18:00,30.60,14.82
05/02/2024 18:00,05/02/2024 18:30,30.06,14.59
05/02/2024 18:30,05/02/2024 19:00,28.04,13.71
05/02/2024 19:00,05/02/2024 19:30,15.88,8.01
05/02/2024 19:30,05/02/2024 20:00,15.44,7.82
05/02/2024 20:00,05/02/2024 20:30,14.66,7.48
05/02/2024 20:30,05/02/2024 21:00,12.71,6.63
05/02/2024 21:00,05/02/2024 21:30,13.17,6.83
05/02/2024 21:30,05/02/2024 22:00,4.83,3.20
05/02/2024 22:00,05/02/2024 22:30,8.46,4.79
05/02/2024 22:30,05/02/2024 23:00,4.41,3.02
05/02/2024 23:00,05/02/2024 23:30,6.95,4.12
05/02/2024 23:30,06/02/2024 00:00,3.39,2.58
06/02/2024 00:00,06/02/2024 00:30,2.36,2.13
06/02/2024 00:30,06/02/2024 01:00,5.29,3.40
06/02/2024 01:00,06/02/2024 01:30,2.04,1.99
06/02/2024 01:30,06/02/2024 02:00,2.95,2.39
06/02/2024 02:00,06/02/2024 02:30,2.43,2.16
06/02/2024 02:30,06/02/2024 03:00,2.43,2.16
06/02/2024 03:00,06/02/2024 03:30,2.21,2.06
06/02/2024 03:30,06/02/2024 04:00,1.39,1.70
06/02/2024 04:00,06/02/2024 04:30,5.29,3.40
06/02/2024 04:30,06/02/2024 05:00,3.17,2.48
06/02/2024 05:00,06/02/2024 05:30,7.23,4.25
06/02/2024 05:30,06/02/2024 06:00,10.06,5.48
06/02/2024 06:00,06/02/2024 06:30,11.03,5.90
06/02/2024 06:30,06/02/2024 07:00,14.33,7.34
06/02/2024 07:00,06/02/2024 07:30,14.99,7.63
06/02/2024 07:30,06/02/2024 08:00,16.36,8.22
06/02/2024 08:00,06/02/2024 08:30,14.77,7.53
06/02/2024 08:30,06/02/2024 09:00,15.44,7.82
06/02/2024 09:00,06/02/2024 09:30,14.99,7.63
06/02/2024 09:30,06/02/2024 10:00,15.44,7.82
06/02/2024 10:00,06/02/2024 10:30,14.03,7.21
06/02/2024 10:30,06/02/2024 11:00,14.55,7.44
06/02/2024 11:00,06/02/2024 11:30,14.55,7.44
06/02/2024 11:30,06/02/2024 12:00,15.08,7.67
06/02/2024 12:00,06/02/2024 12:30,15.02,7.64
06/02/2024 12:30,06/02/2024 13:00,14.51,7.42
06/02/2024 13:00,06/02/2024 13:30,15.41,7.81
06/02/2024 13:30,06/02/2024 14:00,14.55,7.44
06/02/2024 14:00,06/02/2024 14:30,15.06,7.66
06/02/2024 14:30,06/02/2024 15:00,15.13,7.69
06/02/2024 15:00,06/02/2024 15:30,13.31,6.90
06/02/2024 15:30,06/02/2024 16:00,14.20,7.28
06/02/2024 16:00,06/02/2024 16:30,26.61,13.09
06/02/2024 16:30,06/02/2024 17:00,29.27,14.25
06/02/2024 17:00,06/02/2024 17:30,29.18,14.21
06/02/2024 17:30,06/02/2024 18:00,30.44,14.76
06/02/2024 18:00,06/02/2024 18:30,30.64,14.84
06/02/2024 18:30,06/02/2024 19:00,30.54,14.80
06/02/2024 19:00,06/02/2024 19:30,20.81,10.16
06/02/2024 19:30,06/02/2024 20:00,17.92,8.90
06/02/2024 20:00,06/02/2024 20:30,19.40,9.55
06/02/2024 20:30,06/02/2024 21:00,16.32,8.20
06/02/2024 21:00,06/02/2024 21:30,17.64,8.78
06/02/2024 21:30,06/02/2024 22:00,15.44,7.82
06/02/2024 22:00,06/02/2024 22:30,15.44,7.82
06/02/2024 22:30,06/02/2024 23:00,13.23,6.86
06/02/2024 23:00,06/02/2024 23:30,13.59,7.01
06/02/2024 23:30,07/02/2024 00:00,13.23,6.86
07/02/2024 00:00,07/02/2024 00:30,13.81,7.11
07/02/2024 00:30,07/02/2024 01:00,16.86,8.44
07/02/2024 01:00,07/02/2024 01:30,16.54,8.30
07/02/2024 01:30,07/02/2024 02:00,13.91,7.16
07/02/2024 02:00,07/02/2024 02:30,14.82,7.55
07/02/2024 02:30,07/02/2024 03:00,14.77,7.53
07/02/2024 03:00,07/02/2024 03:30,13.71,7.07
07/02/2024 03:30,07/02/2024 04:00,13.81,7.11
07/02/2024 04:00,07/02/2024 04:30,13.78,7.10
07/02/2024 04:30,07/02/2024 05:00,13.59,7.01
07/02/2024 05:00,07/02/2024 05:30,13.37,6.92
07/02/2024 05:30,07/02/2024 06:00,13.39,6.93
07/02/2024 06:00,07/02/2024 06:30,17.20,8.59
07/02/2024 06:30,07/02/2024 07:00,15.61,7.90
07/02/2024 07:00,07/02/2024 07:30,15.54,7.87
07/02/2024 07:30,07/02/2024 08:00,18.34,9.09
07/02/2024 08:00,07/02/2024 08:30,17.30,8.64
07/02/2024 08:30,07/02/2024 09:00,18.74,9.26
07/02/2024 09:00,07/02/2024 09:30,17.86,8.88
07/02/2024 09:30,07/02/2024 10:00,17.58,8.75
07/02/2024 10:00,07/02/2024 10:30,16.23,8.17
07/02/2024 10:30,07/02/2024 11:00,15.13,7.69
07/02/2024 11:00,07/02/2024 11:30,14.77,7.53
07/02/2024 11:30,07/02/2024 12:00,14.13,7.25
07/02/2024 12:00,07/02/2024 12:30,14.45,7.39
07/02/2024 12:30,07/02/2024 13:00,14.13,7.25
07/02/2024 13:00,07/02/2024 13:30,15.52,7.86
07/02/2024 13:30,07/02/2024 14:00,14.71,7.50
07/02/2024 14:00,07/02/2024 14:30,17.42,8.68
07/02/2024 14:30,07/02/2024 15:00,16.01,8.07
07/02/2024 15:00,07/02/2024 15:30,17.11,8.55
07/02/2024 15:30,07/02/2024 16:00,17.64,8.78
07/02/2024 16:00,07/02/2024 16:30,33.13,15.93
07/02/2024 16:30,07/02/2024 17:00,37.65,17.90
07/02/2024 17:00,07/02/2024 17:30,35.75,17.07
07/02/2024 17:30,07/02/2024 18:00,39.04,18.50
07/02/2024 18:00,07/02/2024 18:30,34.03,16.32
07/02/2024 18:30,07/02/2024 19:00,32.36,15.59
07/02/2024 19:00,07/02/2024 19:30,21.83,10.60
07/02/2024 19:30,07/02/2024 20:00,19.84,9.74
07/02/2024 20:00,07/02/2024 20:30,17.70,8.81
07/02/2024 20:30,07/02/2024 21:00,15.21,7.72
07/02/2024 21:00,07/02/2024 21:30,17.42,8.68
07/02/2024 21:30,07/02/2024 22:00,13.67,7.05
07/02/2024 22:00,07/02/2024 22:30,16.94,8.47
07/02/2024 22:30,07/02/2024 23:00,14.77,7.53
07/02/2024 23:00,07/02/2024 23:30,13.78,7.10
07/02/2024 23:30,08/02/2024 00:00,14.33,7.34
08/02/2024 00:00,08/02/2024 00:30,13.01,6.76
08/02/2024 00:30,08/02/2024 01:00,15.21,7.72
08/02/2024 01:00,08/02/2024 01:30,14.47,7.40
08/02/2024 01:30,08/02/2024 02:00,13.78,7.10
08/02/2024 02:00,08/02/2024 02:30,13.78,7.10
08/02/2024 02:30,08/02/2024 03:00,13.01,6.76
08/02/2024 03:00,08/02/2024 03:30,13.78,7.10
08/02/2024 03:30,08/02/2024 04:00,13.01,6.76
08/02/2024 04:00,08/02/2024 04:30,13.07,6.79
08/02/2024 04:30,08/02/2024 05:00,13.01,6.76
08/02/2024 05:00,08/02/2024 05:30,13.95,7.18
08/02/2024 05:30,08/02/2024 06:00,13.23,6.86
08/02/2024 06:00,08/02/2024 06:30,16.01,8.07
08/02/2024 06:30,08/02/2024 07:00,16.54,8.30
08/02/2024 07:00,08/02/2024 07:30,18.39,9.11
08/02/2024 07:30,08/02/2024 08:00,20.81,10.16
08/02/2024 08:00,08/02/2024 08:30,19.38,9.54
08/02/2024 08:30,08/02/2024 09:00,19.84,9.74
08/02/2024 09:00,08/02/2024 09:30,17.20,8.59
08/02/2024 09:30,08/02/2024 10:00,16.70,8.37
08/02/2024 10:00,08/02/2024 10:30,16.72,8.38
08/02/2024 10:30,08/02/2024 11:00,16.58,8.32
08/02/2024 11:00,08/02/2024 11:30,15.88,8.01
08/02/2024 11:30,08/02/2024 12:00,15.54,7.87
08/02/2024 12:00,08/02/2024 12:30,15.41,7.81
08/02/2024 12:30,08/02/2024 13:00,15.88,8.01
08/02/2024 13:00,08/02/2024 13:30,17.64,8.78
08/02/2024 13:30,08/02/2024 14:00,15.63,7.91
08/02/2024 14:00,08/02/2024 14:30,16.23,8.17
08/02/2024 14:30,08/02/2024 15:00,15.17,7.70
08/02/2024 15:00,08/02/2024 15:30,13.89,7.15
08/02/2024 15:30,08/02/2024 16:00,17.14,8.56
08/02/2024 16:00,08/02/2024 16:30,26.93,13.23
08/02/2024 16:30,08/02/2024 17:00,28.06,13.72
08/02/2024 17:00,08/02/2024 17:30,28.04,13.71
08/02/2024 17:30,08/02/2024 18:00,29.16,14.20
08/02/2024 18:00,08/02/2024 18:30,28.62,13.96
08/02/2024 18:30,08/02/2024 19:00,26.38,12.99
08/02/2024 19:00,08/02/2024 19:30,16.10,8.11
08/02/2024 19:30,08/02/2024 20:00,15.66,7.92
08/02/2024 20:00,08/02/2024 20:30,15.21,7.72
08/02/2024 20:30,08/02/2024 21:00,14.75,7.52
08/02/2024 21:00,08/02/2024 21:30,17.20,8.59
08/02/2024 21:30,08/02/2024 22:00,11.47,6.09
08/02/2024 22:00,08/02/2024 22:30,13.67,7.05
08/02/2024 22:30,08/02/2024 23:00,10.48,5.66
08/02/2024 23:00,08/02/2024 23:30,10.16,5.53
08/02/2024 23:30,09/02/2024 00:00,10.58,5.71
09/02/2024 00:00,09/02/2024 00:30,7.72,4.46
09/02/2024 00:30,09/02/2024 01:00,10.65,5.74
09/02/2024 01:00,09/02/2024 01:30,10.33,5.60
09/02/2024 01:30,09/02/2024 02:00,6.62,3.98
09/02/2024 02:00,09/02/2024 02:30,7.94,4.56
09/02/2024 02:30,09/02/2024 03:00,6.62,3.98
09/02/2024 03:00,09/02/2024 03:30,7.76,4.48
09/02/2024 03:30,09/02/2024 04:00,6.62,3.98
09/02/2024 04:00,09/02/2024 04:30,6.36,3.87
09/02/2024 04:30,09/02/2024 05:00,6.62,3.98
09/02/2024 05:00,09/02/2024 05:30,8.44,4.78
09/02/2024 05:30,09/02/2024 06:00,9.92,5.42
09/02/2024 06:00,09/02/2024 06:30,12.35,6.48
09/02/2024 06:30,09/02/2024 07:00,14.11,7.24
09/02/2024 07:00,09/02/2024 07:30,14.11,7.24
09/02/2024 07:30,09/02/2024 08:00,15.44,7.82
09/02/2024 08:00,09/02/2024 08:30,14.18,7.27
09/02/2024 08:30,09/02/2024 09:00,15.28,7.75
09/02/2024 09:00,09/02/2024 09:30,15.06,7.66
09/02/2024 09:30,09/02/2024 10:00,14.99,7.63
09/02/2024 10:00,09/02/2024 10:30,14.63,7.47
09/02/2024 10:30,09/02/2024 11:00,14.71,7.50
09/02/2024 11:00,09/02/2024 11:30,14.47,7.40
09/02/2024 11:30,09/02/2024 12:00,15.44,7.82
09/02/2024 12:00,09/02/2024 12:30,16.56,8.31
09/02/2024 12:30,09/02/2024 13:00,16.38,8.23
09/02/2024 13:00,09/02/2024 13:30,16.10,8.11
09/02/2024 13:30,09/02/2024 14:00,15.52,7.86
09/02/2024 14:00,09/02/2024 14:30,15.44,7.82
09/02/2024 14:30,09/02/2024 15:00,14.57,7.45
09/02/2024 15:00,09/02/2024 15:30,15.41,7.81
09/02/2024 15:30,09/02/2024 16:00,16.23,8.17
09/02/2024 16:00,09/02/2024 16:30,27.15,13.33
09/02/2024 16:30,09/02/2024 17:00,30.24,14.67
09/02/2024 17:00,09/02/2024 17:30,28.48,13.90
09/02/2024 17:30,09/02/2024 18:00,29.94,14.54
09/02/2024 18:00,09/02/2024 18:30,30.24,14.67
09/02/2024 18:30,09/02/2024 19:00,30.16,14.63
09/02/2024 19:00,09/02/2024 19:30,17.20,8.59
09/02/2024 19:30,09/02/2024 20:00,15.33,7.77
09/02/2024 20:00,09/02/2024 20:30,16.98,8.49
09/02/2024 20:30,09/02/2024 21:00,15.21,7.72
09/02/2024 21:00,09/02/2024 21:30,16.62,8.34
09/02/2024 21:30,09/02/2024 22:00,15.21,7.72
09/02/2024 22:00,09/02/2024 22:30,15.21,7.72
09/02/2024 22:30,09/02/2024 23:00,14.11,7.24
09/02/2024 23:00,09/02/2024 23:30,13.08,6.80
09/02/2024 23:30,10/02/2024 00:00,11.03,5.90
10/02/2024 00:00,10/02/2024 00:30,10.58,5.71
10/02/2024 00:30,10/02/2024 01:00,13.47,6.97
10/02/2024 01:00,10/02/2024 01:30,13.13,6.81
10/02/2024 01:30,10/02/2024 02:00,12.77,6.66
10/02/2024 02:00,10/02/2024 02:30,12.77,6.66
10/02/2024 02:30,10/02/2024 03:00,13.06,6.79
10/02/2024 03:00,10/02/2024 03:30,12.77,6.66
10/02/2024 03:30,10/02/2024 04:00,12.77,6.66
10/02/2024 04:00,10/02/2024 04:30,14.31,7.33
10/02/2024 04:30,10/02/2024 05:00,14.14,7.26
10/02/2024 05:00,10/02/2024 05:30,13.65,7.04
10/02/2024 05:30,10/02/2024 06:00,12.77,6.66
10/02/2024 06:00,10/02/2024 06:30,15.44,7.82
10/02/2024 06:30,10/02/2024 07:00,14.99,7.63
10/02/2024 07:00,10/02/2024 07:30,14.33,7.34
10/02/2024 07:30,10/02/2024 08:00,15.44,7.82
10/02/2024 08:00,10/02/2024 08:30,14.11,7.24
10/02/2024 08:30,10/02/2024 09:00,15.88,8.01
10/02/2024 09:00,10/02/2024 09:30,14.11,7.24
10/02/2024 09:30,10/02/2024 10:00,15.19,7.71
10/02/2024 10:00,10/02/2024 10:30,14.82,7.55
10/02/2024 10:30,10/02/2024 11:00,15.44,7.82
10/02/2024 11:00,10/02/2024 11:30,14.73,7.51
10/02/2024 11:30,10/02/2024 12:00,14.82,7.55
10/02/2024 12:00,10/02/2024 12:30,15.88,8.01
10/02/2024 12:30,10/02/2024 13:00,16.76,8.40
10/02/2024 13:00,10/02/2024 13:30,15.44,7.82
10/02/2024 13:30,10/02/2024 14:00,13.67,7.05
10/02/2024 14:00,10/02/2024 14:30,16.47,8.27
10/02/2024 14:30,10/02/2024 15:00,15.44,7.82
10/02/2024 15:00,10/02/2024 15:30,16.54,8.30
10/02/2024 15:30,10/02/2024 16:00,14.89,7.58
10/02/2024 16:00,10/02/2024 16:30,28.12,13.75
10/02/2024 16:30,10/02/2024 17:00,31.72,15.31
10/02/2024 17:00,10/02/2024 17:30,31.83,15.36
10/02/2024 17:30,10/02/2024 18:00,32.89,15.82
10/02/2024 18:00,10/02/2024 18:30,32.07,15.47
10/02/2024 18:30,10/02/2024 19:00,31.34,15.15
10/02/2024 19:00,10/02/2024 19:30,18.70,9.24
10/02/2024 19:30,10/02/2024 20:00,15.52,7.86
10/02/2024 20:00,10/02/2024 20:30,16.94,8.47
10/02/2024 20:30,10/02/2024 21:00,15.88,8.01
10/02/2024 21:00,10/02/2024 21:30,15.52,7.86
10/02/2024 21:30,10/02/2024 22:00,14.05,7.22
10/02/2024 22:00,10/02/2024 22:30,15.08,7.67
10/02/2024 22:30,10/02/2024 23:00,13.57,7.00
10/02/2024 23:00,10/02/2024 23:30,14.29,7.32
10/02/2024 23:30,11/02/2024 00:00,14.99,7.63
11/02/2024 00:00,11/02/2024 00:30,13.39,6.93
11/02/2024 00:30,11/02/2024 01:00,17.64,8.78
11/02/2024 01:00,11/02/2024 01:30,16.54,8.30
11/02/2024 01:30,11/02/2024 02:00,14.91,7.59
11/02/2024 02:00,11/02/2024 02:30,16.01,8.07
11/02/2024 02:30,11/02/2024 03:00,14.25,7.30
11/02/2024 03:00,11/02/2024 03:30,15.28,7.75
11/02/2024 03:30,11/02/2024 04:00,13.98,7.19
11/02/2024 04:00,11/02/2024 04:30,13.98,7.19
11/02/2024 04:30,11/02/2024 05:00,13.67,7.05
11/02/2024 05:00,11/02/2024 05:30,13.49,6.98
11/02/2024 05:30,11/02/2024 06:00,13.34,6.91
11/02/2024 06:00,11/02/2024 06:30,13.89,7.15
11/02/2024 06:30,11/02/2024 07:00,14.15,7.26
11/02/2024 07:00,11/02/2024 07:30,13.34,6.91
11/02/2024 07:30,11/02/2024 08:00,13.65,7.04
11/02/2024 08:00,11/02/2024 08:30,13.67,7.05
11/02/2024 08:30,11/02/2024 09:00,15.44,7.82
11/02/2024 09:00,11/02/2024 09:30,15.98,8.06
11/02/2024 09:30,11/02/2024 10:00,17.64,8.78
11/02/2024 10:00,11/02/2024 10:30,16.76,8.40
11/02/2024 10:30,11/02/2024 11:00,16.92,8.46
11/02/2024 11:00,11/02/2024 11:30,16.23,8.17
11/02/2024 11:30,11/02/2024 12:00,16.84,8.43
11/02/2024 12:00,11/02/2024 12:30,16.80,8.42
11/02/2024 12:30,11/02/2024 13:00,15.44,7.82
11/02/2024 13:00,11/02/2024 13:30,13.47,6.97
11/02/2024 13:30,11/02/2024 14:00,11.91,6.28
11/02/2024 14:00,11/02/2024 14:30,13.09,6.80
11/02/2024 14:30,11/02/2024 15:00,11.03,5.90
11/02/2024 15:00,11/02/2024 15:30,13.09,6.80
11/02/2024 15:30,11/02/2024 16:00,13.07,6.79
11/02/2024 16:00,11/02/2024 16:30,26.71,13.13
11/02/2024 16:30,11/02/2024 17:00,30.66,14.85
11/02/2024 17:00,11/02/2024 17:30,32.00,15.44
11/02/2024 17:30,11/02/2024 18:00,32.67,15.73
11/02/2024 18:00,11/02/2024 18:30,32.00,15.44
11/02/2024 18:30,11/02/2024 19:00,28.92,14.09
11/02/2024 19:00,11/02/2024 19:30,18.54,9.17
11/02/2024 19:30,11/02/2024 20:00,15.86,8.00
11/02/2024 20:00,11/02/2024 20:30,18.08,8.97
11/02/2024 20:30,11/02/2024 21:00,14.57,7.45
11/02/2024 21:00,11/02/2024 21:30,15.44,7.82
11/02/2024 21:30,11/02/2024 22:00,13.09,6.80
11/02/2024 22:00,11/02/2024 22:30,13.89,7.15
11/02/2024 22:30,11/02/2024 23:00,10.36,5.61
11/02/2024 23:00,11/02/2024 23:30,16.56,8.31
11/02/2024 23:30,12/02/2024 00:00,13.41,6.94
12/02/2024 00:00,12/02/2024 00:30,10.89,5.84
12/02/2024 00:30,12/02/2024 01:00,13.57,7.00
12/02/2024 01:00,12/02/2024 01:30,14.99,7.63
12/02/2024 01:30,12/02/2024 02:00,12.55,6.56
12/02/2024 02:00,12/02/2024 02:30,13.98,7.19
12/02/2024 02:30,12/02/2024 03:00,12.33,6.47
12/02/2024 03:00,12/02/2024 03:30,12.35,6.48
12/02/2024 03:30,12/02/2024 04:00,11.25,6.00
12/02/2024 04:00,12/02/2024 04:30,13.45,6.96
12/02/2024 04:30,12/02/2024 05:00,10.58,5.71
12/02/2024 05:00,12/02/2024 05:30,12.79,6.67
12/02/2024 05:30,12/02/2024 06:00,14.18,7.27
12/02/2024 06:00,12/02/2024 06:30,16.98,8.49
12/02/2024 06:30,12/02/2024 07:00,18.94,9.35
12/02/2024 07:00,12/02/2024 07:30,17.87,8.88
12/02/2024 07:30,12/02/2024 08:00,18.83,9.30
12/02/2024 08:00,12/02/2024 08:30,17.64,8.78
12/02/2024 08:30,12/02/2024 09:00,18.70,9.24
12/02/2024 09:00,12/02/2024 09:30,16.78,8.41
12/02/2024 09:30,12/02/2024 10:00,13.23,6.86
12/02/2024 10:00,12/02/2024 10:30,14.33,7.34
12/02/2024 10:30,12/02/2024 11:00,12.79,6.67
12/02/2024 11:00,12/02/2024 11:30,11.87,6.26
12/02/2024 11:30,12/02/2024 12:00,11.47,6.09
12/02/2024 12:00,12/02/2024 12:30,11.47,6.09
12/02/2024 12:30,12/02/2024 13:00,11.03,5.90
12/02/2024 13:00,12/02/2024 13:30,12.09,6.36
12/02/2024 13:30,12/02/2024 14:00,11.47,6.09
12/02/2024 14:00,12/02/2024 14:30,13.27,6.88
12/02/2024 14:30,12/02/2024 15:00,12.71,6.63
12/02/2024 15:00,12/02/2024 15:30,13.51,6.98
12/02/2024 15:30,12/02/2024 16:00,14.29,7.32
12/02/2024 16:00,12/02/2024 16:30,24.07,11.98
12/02/2024 16:30,12/02/2024 17:00,29.36,14.29
12/02/2024 17:00,12/02/2024 17:30,29.36,14.29
12/02/2024 17:30,12/02/2024 18:00,31.04,15.02
12/02/2024 18:00,12/02/2024 18:30,30.09,14.61
12/02/2024 18:30,12/02/2024 19:00,28.68,13.99
12/02/2024 19:00,12/02/2024 19:30,18.48,9.14
12/02/2024 19:30,12/02/2024 20:00,14.60,7.46
12/02/2024 20:00,12/02/2024 20:30,13.89,7.15
12/02/2024 20:30,12/02/2024 21:00,13.93,7.17
12/02/2024 21:00,12/02/2024 21:30,15.88,8.01
12/02/2024 21:30,12/02/2024 22:00,9.70,5.32
12/02/2024 22:00,12/02/2024 22:30,14.11,7.24
12/02/2024 22:30,12/02/2024 23:00,8.45,4.78
12/02/2024 23:00,12/02/2024 23:30,13.21,6.85
12/02/2024 23:30,13/02/2024 00:00,12.51,6.54
13/02/2024 00:00,13/02/2024 00:30,12.35,6.48
13/02/2024 00:30,13/02/2024 01:00,14.77,7.53
13/02/2024 01:00,13/02/2024 01:30,13.23,6.86
13/02/2024 01:30,13/02/2024 02:00,12.82,6.68
13/02/2024 02:00,13/02/2024 02:30,13.21,6.85
13/02/2024 02:30,13/02/2024 03:00,12.79,6.67
13/02/2024 03:00,13/02/2024 03:30,13.19,6.84
13/02/2024 03:30,13/02/2024 04:00,12.79,6.67
13/02/2024 04:00,13/02/2024 04:30,13.21,6.85
13/02/2024 04:30,13/02/2024 05:00,13.21,6.85
13/02/2024 05:00,13/02/2024 05:30,14.05,7.22
13/02/2024 05:30,13/02/2024 06:00,13.89,7.15
13/02/2024 06:00,13/02/2024 06:30,14.99,7.63
13/02/2024 06:30,13/02/2024 07:00,15.00,7.63
13/02/2024 07:00,13/02/2024 07:30,12.61,6.59
13/02/2024 07:30,13/02/2024 08:00,17.42,8.68
13/02/2024 08:00,13/02/2024 08:30,13.29,6.89
13/02/2024 08:30,13/02/2024 09:00,16.14,8.13
13/02/2024 09:00,13/02/2024 09:30,14.33,7.34
13/02/2024 09:30,13/02/2024 10:00,14.33,7.34
13/02/2024 10:00,13/02/2024 10:30,13.23,6.86
13/02/2024 10:30,13/02/2024 11:00,13.25,6.87
13/02/2024 11:00,13/02/2024 11:30,13.21,6.85
13/02/2024 11:30,13/02/2024 12:00,13.25,6.87
13/02/2024 12:00,13/02/2024 12:30,13.37,6.92
13/02/2024 12:30,13/02/2024 13:00,13.21,6.85
13/02/2024 13:00,13/02/2024 13:30,14.11,7.24
13/02/2024 13:30,13/02/2024 14:00,13.81,7.11
13/02/2024 14:00,13/02/2024 14:30,14.99,7.63
13/02/2024 14:30,13/02/2024 15:00,13.98,7.19
13/02/2024 15:00,13/02/2024 15:30,15.33,7.77
13/02/2024 15:30,13/02/2024 16:00,15.54,7.87
13/02/2024 16:00,13/02/2024 16:30,29.34,14.28
13/02/2024 16:30,13/02/2024 17:00,30.24,14.67
13/02/2024 17:00,13/02/2024 17:30,29.56,14.37
13/02/2024 17:30,13/02/2024 18:00,30.90,14.96
13/02/2024 18:00,13/02/2024 18:30,30.24,14.67
13/02/2024 18:30,13/02/2024 19:00,30.26,14.68
13/02/2024 19:00,13/02/2024 19:30,17.64,8.78
13/02/2024 19:30,13/02/2024 20:00,14.77,7.53
13/02/2024 20:00,13/02/2024 20:30,14.25,7.30
13/02/2024 20:30,13/02/2024 21:00,14.89,7.58
13/02/2024 21:00,13/02/2024 21:30,14.62,7.46
13/02/2024 21:30,13/02/2024 22:00,14.57,7.45
13/02/2024 22:00,13/02/2024 22:30,15.13,7.69
13/02/2024 22:30,13/02/2024 23:00,12.13,6.38
13/02/2024 23:00,13/02/2024 23:30,15.96,8.05
13/02/2024 23:30,14/02/2024 00:00,14.33,7.34
14/02/2024 00:00,14/02/2024 00:30,13.09,6.80
14/02/2024 00:30,14/02/2024 01:00,15.90,8.02
14/02/2024 01:00,14/02/2024 01:30,15.94,8.04
14/02/2024 01:30,14/02/2024 02:00,13.73,7.08
14/02/2024 02:00,14/02/2024 02:30,13.67,7.05
14/02/2024 02:30,14/02/2024 03:00,12.75,6.65
14/02/2024 03:00,14/02/2024 03:30,12.73,6.64
14/02/2024 03:30,14/02/2024 04:00,12.73,6.64
14/02/2024 04:00,14/02/2024 04:30,12.73,6.64
14/02/2024 04:30,14/02/2024 05:00,12.73,6.64
14/02/2024 05:00,14/02/2024 05:30,13.78,7.10
14/02/2024 05:30,14/02/2024 06:00,12.06,6.35
14/02/2024 06:00,14/02/2024 06:30,15.17,7.70
14/02/2024 06:30,14/02/2024 07:00,14.98,7.62
14/02/2024 07:00,14/02/2024 07:30,13.67,7.05
14/02/2024 07:30,14/02/2024 08:00,16.54,8.30
14/02/2024 08:00,14/02/2024 08:30,14.66,7.48
14/02/2024 08:30,14/02/2024 09:00,16.54,8.30
14/02/2024 09:00,14/02/2024 09:30,15.66,7.92
14/02/2024 09:30,14/02/2024 10:00,15.88,8.01
14/02/2024 10:00,14/02/2024 10:30,16.32,8.20
14/02/2024 10:30,14/02/2024 11:00,15.52,7.86
14/02/2024 11:00,14/02/2024 11:30,15.10,7.68
14/02/2024 11:30,14/02/2024 12:00,15.06,7.66
14/02/2024 12:00,14/02/2024 12:30,15.44,7.82
14/02/2024 12:30,14/02/2024 13:00,13.89,7.15
14/02/2024 13:00,14/02/2024 13:30,14.55,7.44
14/02/2024 13:30,14/02/2024 14:00,13.78,7.10
14/02/2024 14:00,14/02/2024 14:30,15.21,7.72
14/02/2024 14:30,14/02/2024 15:00,13.31,6.90
14/02/2024 15:00,14/02/2024 15:30,13.73,7.08
14/02/2024 15:30,14/02/2024 16:00,13.67,7.05
14/02/2024 16:00,14/02/2024 16:30,27.15,13.33
14/02/2024 16:30,14/02/2024 17:00,28.48,13.90
14/02/2024 17:00,14/02/2024 17:30,28.12,13.75
14/02/2024 17:30,14/02/2024 18:00,29.80,14.48
14/02/2024 18:00,14/02/2024 18:30,29.14,14.19
14/02/2024 18:30,14/02/2024 19:00,29.14,14.19
14/02/2024 19:00,14/02/2024 19:30,15.72,7.94
14/02/2024 19:30,14/02/2024 20:00,13.03,6.77
14/02/2024 20:00,14/02/2024 20:30,13.77,7.09
14/02/2024 20:30,14/02/2024 21:00,13.23,6.86
14/02/2024 21:00,14/02/2024 21:30,14.82,7.55
14/02/2024 21:30,14/02/2024 22:00,13.80,7.11
14/02/2024 22:00,14/02/2024 22:30,12.89,6.72
14/02/2024 22:30,14/02/2024 23:00,12.11,6.37
14/02/2024 23:00,14/02/2024 23:30,12.93,6.73
14/02/2024 23:30,15/02/2024 00:00,11.47,6.09
15/02/2024 00:00,15/02/2024 00:30,11.62,6.16
15/02/2024 00:30,15/02/2024 01:00,12.11,6.37
15/02/2024 01:00,15/02/2024 01:30,11.73,6.21
15/02/2024 01:30,15/02/2024 02:00,10.58,5.71
15/02/2024 02:00,15/02/2024 02:30,11.03,5.90
15/02/2024 02:30,15/02/2024 03:00,10.58,5.71
15/02/2024 03:00,15/02/2024 03:30,11.38,6.05
15/02/2024 03:30,15/02/2024 04:00,10.58,5.71
15/02/2024 04:00,15/02/2024 04:30,11.38,6.05
15/02/2024 04:30,15/02/2024 05:00,11.03,5.90
15/02/2024 05:00,15/02/2024 05:30,12.31,6.46
15/02/2024 05:30,15/02/2024 06:00,12.41,6.50
15/02/2024 06:00,15/02/2024 06:30,13.93,7.17
15/02/2024 06:30,15/02/2024 07:00,13.67,7.05
15/02/2024 07:00,15/02/2024 07:30,13.23,6.86
15/02/2024 07:30,15/02/2024 08:00,15.44,7.82
15/02/2024 08:00,15/02/2024 08:30,12.87,6.71
15/02/2024 08:30,15/02/2024 09:00,14.60,7.46
15/02/2024 09:00,15/02/2024 09:30,13.89,7.15
15/02/2024 09:30,15/02/2024 10:00,13.98,7.19
15/02/2024 10:00,15/02/2024 10:30,13.23,6.86
15/02/2024 10:30,15/02/2024 11:00,12.51,6.54
15/02/2024 11:00,15/02/2024 11:30,12.35,6.48
15/02/2024 11:30,15/02/2024 12:00,12.43,6.51
15/02/2024 12:00,15/02/2024 12:30,12.43,6.51
15/02/2024 12:30,15/02/2024 13:00,12.71,6.63
15/02/2024 13:00,15/02/2024 13:30,12.73,6.64
15/02/2024 13:30,15/02/2024 14:00,13.31,6.90
15/02/2024 14:00,15/02/2024 14:30,15.39,7.80
15/02/2024 14:30,15/02/2024 15:00,13.23,6.86
15/02/2024 15:00,15/02/2024 15:30,14.35,7.35
15/02/2024 15:30,15/02/2024 16:00,15.88,8.01
15/02/2024 16:00,15/02/2024 16:30,28.43,13.88
15/02/2024 16:30,15/02/2024 17:00,29.54,14.36
15/02/2024 17:00,15/02/2024 17:30,27.02,13.27
15/02/2024 17:30,15/02/2024 18:00,29.88,14.52
15/02/2024 18:00,15/02/2024 18:30,28.92,14.09
15/02/2024 18:30,15/02/2024 19:00,28.58,13.95
15/02/2024 19:00,15/02/2024 19:30,16.36,8.22
15/02/2024 19:30,15/02/2024 20:00,14.82,7.55
15/02/2024 20:00,15/02/2024 20:30,14.11,7.24
15/02/2024 20:30,15/02/2024 21:00,12.61,6.59
15/02/2024 21:00,15/02/2024 21:30,13.24,6.86
15/02/2024 21:30,15/02/2024 22:00,12.43,6.51
15/02/2024 22:00,15/02/2024 22:30,13.01,6.76
15/02/2024 22:30,15/02/2024 23:00,12.24,6.43
15/02/2024 23:00,15/02/2024 23:30,12.75,6.65
15/02/2024 23:30,16/02/2024 00:00,12.29,6.45
16/02/2024 00:00,16/02/2024 00:30,12.26,6.44
16/02/2024 00:30,16/02/2024 01:00,12.79,6.67
16/02/2024 01:00,16/02/2024 01:30,12.13,6.38
16/02/2024 01:30,16/02/2024 02:00,11.47,6.09
16/02/2024 02:00,16/02/2024 02:30,11.99,6.32
16/02/2024 02:30,16/02/2024 03:00,11.47,6.09
16/02/2024 03:00,16/02/2024 03:30,11.60,6.15
16/02/2024 03:30,16/02/2024 04:00,11.25,6.00
16/02/2024 04:00,16/02/2024 04:30,11.45,6.08
16/02/2024 04:30,16/02/2024 05:00,11.25,6.00
16/02/2024 05:00,16/02/2024 05:30,11.03,5.90
16/02/2024 05:30,16/02/2024 06:00,10.65,5.74
16/02/2024 06:00,16/02/2024 06:30,13.89,7.15
16/02/2024 06:30,16/02/2024 07:00,13.98,7.19
16/02/2024 07:00,16/02/2024 07:30,12.63,6.60
16/02/2024 07:30,16/02/2024 08:00,13.87,7.14
16/02/2024 08:00,16/02/2024 08:30,14.33,7.34
16/02/2024 08:30,16/02/2024 09:00,14.99,7.63
16/02/2024 09:00,16/02/2024 09:30,14.37,7.36
16/02/2024 09:30,16/02/2024 10:00,13.10,6.81
16/02/2024 10:00,16/02/2024 10:30,14.11,7.24
16/02/2024 10:30,16/02/2024 11:00,13.23,6.86
16/02/2024 11:00,16/02/2024 11:30,12.85,6.70
16/02/2024 11:30,16/02/2024 12:00,12.89,6.72
16/02/2024 12:00,16/02/2024 12:30,13.13,6.81
16/02/2024 12:30,16/02/2024 13:00,12.93,6.73
16/02/2024 13:00,16/02/2024 13:30,12.75,6.65
16/02/2024 13:30,16/02/2024 14:00,12.63,6.60
16/02/2024 14:00,16/02/2024 14:30,12.51,6.54
16/02/2024 14:30,16/02/2024 15:00,12.63,6.60
16/02/2024 15:00,16/02/2024 15:30,13.23,6.86
16/02/2024 15:30,16/02/2024 16:00,13.23,6.86
16/02/2024 16:00,16/02/2024 16:30,25.65,12.67
16/02/2024 16:30,16/02/2024 17:00,26.82,13.18
16/02/2024 17:00,16/02/2024 17:30,26.51,13.05
16/02/2024 17:30,16/02/2024 18:00,29.30,14.26
16/02/2024 18:00,16/02/2024 18:30,29.71,14.44
16/02/2024 18:30,16/02/2024 19:00,28.48,13.90
16/02/2024 19:00,16/02/2024 19:30,18.08,8.97
16/02/2024 19:30,16/02/2024 20:00,15.02,7.64
16/02/2024 20:00,16/02/2024 20:30,16.58,8.32
16/02/2024 20:30,16/02/2024 21:00,14.33,7.34
16/02/2024 21:00,16/02/2024 21:30,14.13,7.25
16/02/2024 21:30,16/02/2024 22:00,12.51,6.54
16/02/2024 22:00,16/02/2024 22:30,14.11,7.24
16/02/2024 22:30,16/02/2024 23:00,12.61,6.59
16/02/2024 23:00,16/02/2024 23:30,14.15,7.26
16/02/2024 23:30,17/02/2024 00:00,14.33,7.34
17/02/2024 00:00,17/02/2024 00:30,13.41,6.94
17/02/2024 00:30,17/02/2024 01:00,14.55,7.44
17/02/2024 01:00,17/02/2024 01:30,13.01,6.76
17/02/2024 01:30,17/02/2024 02:00,12.09,6.36
17/02/2024 02:00,17/02/2024 02:30,12.83,6.69
17/02/2024 02:30,17/02/2024 03:00,12.09,6.36
17/02/2024 03:00,17/02/2024 03:30,12.09,6.36
17/02/2024 03:30,17/02/2024 04:00,12.09,6.36
17/02/2024 04:00,17/02/2024 04:30,12.09,6.36
17/02/2024 04:30,17/02/2024 05:00,12.09,6.36
17/02/2024 05:00,17/02/2024 05:30,12.09,6.36
17/02/2024 05:30,17/02/2024 06:00,12.09,6.36
17/02/2024 06:00,17/02/2024 06:30,12.61,6.59
17/02/2024 06:30,17/02/2024 07:00,13.57,7.00
17/02/2024 07:00,17/02/2024 07:30,13.47,6.97
17/02/2024 07:30,17/02/2024 08:00,15.48,7.84
17/02/2024 08:00,17/02/2024 08:30,14.53,7.43
17/02/2024 08:30,17/02/2024 09:00,16.86,8.44
17/02/2024 09:00,17/02/2024 09:30,15.44,7.82
17/02/2024 09:30,17/02/2024 10:00,15.44,7.82
17/02/2024 10:00,17/02/2024 10:30,15.21,7.72
17/02/2024 10:30,17/02/2024 11:00,14.11,7.24
17/02/2024 11:00,17/02/2024 11:30,13.23,6.86
17/02/2024 11:30,17/02/2024 12:00,13.05,6.78
17/02/2024 12:00,17/02/2024 12:30,12.35,6.48
17/02/2024 12:30,17/02/2024 13:00,12.29,6.45
17/02/2024 13:00,17/02/2024 13:30,12.29,6.45
17/02/2024 13:30,17/02/2024 14:00,11.99,6.32
17/02/2024 14:00,17/02/2024 14:30,12.57,6.57
17/02/2024 14:30,17/02/2024 15:00,12.29,6.45
17/02/2024 15:00,17/02/2024 15:30,13.13,6.81
17/02/2024 15:30,17/02/2024 16:00,12.35,6.48
17/02/2024 16:00,17/02/2024 16:30,27.11,13.31
17/02/2024 16:30,17/02/2024 17:00,27.15,13.33
17/02/2024 17:00,17/02/2024 17:30,28.12,13.75
17/02/2024 17:30,17/02/2024 18:00,29.88,14.52
17/02/2024 18:00,17/02/2024 18:30,29.14,14.19
17/02/2024 18:30,17/02/2024 19:00,26.44,13.01
17/02/2024 19:00,17/02/2024 19:30,15.15,7.70
17/02/2024 19:30,17/02/2024 20:00,12.63,6.60
17/02/2024 20:00,17/02/2024 20:30,14.11,7.24
17/02/2024 20:30,17/02/2024 21:00,13.19,6.84
17/02/2024 21:00,17/02/2024 21:30,13.45,6.96
17/02/2024 21:30,17/02/2024 22:00,12.79,6.67
17/02/2024 22:00,17/02/2024 22:30,12.35,6.48
17/02/2024 22:30,17/02/2024 23:00,12.89,6.72
17/02/2024 23:00,17/02/2024 23:30,12.10,6.37
17/02/2024 23:30,18/02/2024 00:00,8.86,4.96
18/02/2024 00:00,18/02/2024 00:30,7.94,4.56
18/02/2024 00:30,18/02/2024 01:00,10.12,5.51
18/02/2024 01:00,18/02/2024 01:30,10.94,5.86
18/02/2024 01:30,18/02/2024 02:00,10.48,5.66
18/02/2024 02:00,18/02/2024 02:30,8.82,4.94
18/02/2024 02:30,18/02/2024 03:00,8.82,4.94
18/02/2024 03:00,18/02/2024 03:30,9.64,5.30
18/02/2024 03:30,18/02/2024 04:00,9.92,5.42
18/02/2024 04:00,18/02/2024 04:30,9.68,5.31
18/02/2024 04:30,18/02/2024 05:00,10.50,5.67
18/02/2024 05:00,18/02/2024 05:30,9.92,5.42
18/02/2024 05:30,18/02/2024 06:00,10.96,5.87
18/02/2024 06:00,18/02/2024 06:30,11.91,6.28
18/02/2024 06:30,18/02/2024 07:00,12.57,6.57
18/02/2024 07:00,18/02/2024 07:30,11.69,6.19
18/02/2024 07:30,18/02/2024 08:00,12.79,6.67
18/02/2024 08:00,18/02/2024 08:30,11.38,6.05
18/02/2024 08:30,18/02/2024 09:00,12.95,6.74
18/02/2024 09:00,18/02/2024 09:30,13.01,6.76
18/02/2024 09:30,18/02/2024 10:00,13.37,6.92
18/02/2024 10:00,18/02/2024 10:30,14.47,7.40
18/02/2024 10:30,18/02/2024 11:00,15.08,7.67
18/02/2024 11:00,18/02/2024 11:30,14.99,7.63
18/02/2024 11:30,18/02/2024 12:00,14.77,7.53
18/02/2024 12:00,18/02/2024 12:30,14.33,7.34
18/02/2024 12:30,18/02/2024 13:00,13.23,6.86
18/02/2024 13:00,18/02/2024 13:30,13.23,6.86
18/02/2024 13:30,18/02/2024 14:00,12.35,6.48
18/02/2024 14:00,18/02/2024 14:30,12.51,6.54
18/02/2024 14:30,18/02/2024 15:00,11.84,6.26
18/02/2024 15:00,18/02/2024 15:30,12.41,6.50
18/02/2024 15:30,18/02/2024 16:00,12.14,6.38
18/02/2024 16:00,18/02/2024 16:30,25.81,12.74
18/02/2024 16:30,18/02/2024 17:00,27.31,13.39
18/02/2024 17:00,18/02/2024 17:30,27.26,13.37
18/02/2024 17:30,18/02/2024 18:00,29.84,14.50
18/02/2024 18:00,18/02/2024 18:30,29.86,14.51
18/02/2024 18:30,18/02/2024 19:00,27.20,13.35
18/02/2024 19:00,18/02/2024 19:30,15.30,7.76
18/02/2024 19:30,18/02/2024 20:00,13.73,7.08
18/02/2024 20:00,18/02/2024 20:30,13.23,6.86
18/02/2024 20:30,18/02/2024 21:00,11.57,6.14
18/02/2024 21:00,18/02/2024 21:30,14.20,7.28
18/02/2024 21:30,18/02/2024 22:00,12.39,6.49
18/02/2024 22:00,18/02/2024 22:30,13.23,6.86
18/02/2024 22:30,18/02/2024 23:00,11.62,6.16
18/02/2024 23:00,18/02/2024 23:30,12.57,6.57
18/02/2024 23:30,19/02/2024 00:00,11.55,6.13
19/02/2024 00:00,19/02/2024 00:30,11.03,5.90
19/02/2024 00:30,19/02/2024 01:00,11.47,6.09
19/02/2024 01:00,19/02/2024 01:30,10.36,5.61
19/02/2024 01:30,19/02/2024 02:00,8.82,4.94
19/02/2024 02:00,19/02/2024 02:30,9.92,5.42
19/02/2024 02:30,19/02/2024 03:00,8.82,4.94
19/02/2024 03:00,19/02/2024 03:30,9.12,5.07
19/02/2024 03:30,19/02/2024 04:00,8.82,4.94
19/02/2024 04:00,19/02/2024 04:30,9.81,5.37
19/02/2024 04:30,19/02/2024 05:00,8.82,4.94
19/02/2024 05:00,19/02/2024 05:30,11.25,6.00
19/02/2024 05:30,19/02/2024 06:00,12.35,6.48
19/02/2024 06:00,19/02/2024 06:30,13.23,6.86
19/02/2024 06:30,19/02/2024 07:00,14.22,7.29
19/02/2024 07:00,19/02/2024 07:30,12.99,6.75
19/02/2024 07:30,19/02/2024 08:00,15.15,7.70
19/02/2024 08:00,19/02/2024 08:30,11.87,6.26
19/02/2024 08:30,19/02/2024 09:00,13.15,6.82
19/02/2024 09:00,19/02/2024 09:30,11.99,6.32
19/02/2024 09:30,19/02/2024 10:00,11.87,6.26
19/02/2024 10:00,19/02/2024 10:30,11.87,6.26
19/02/2024 10:30,19/02/2024 11:00,11.87,6.26
19/02/2024 11:00,19/02/2024 11:30,10.98,5.88
19/02/2024 11:30,19/02/2024 12:00,10.80,5.80
19/02/2024 12:00,19/02/2024 12:30,10.80,5.80
19/02/2024 12:30,19/02/2024 13:00,10.94,5.86
19/02/2024 13:00,19/02/2024 13:30,10.80,5.80
19/02/2024 13:30,19/02/2024 14:00,10.80,5.80
19/02/2024 14:00,19/02/2024 14:30,11.87,6.26
19/02/2024 14:30,19/02/2024 15:00,12.35,6.48
19/02/2024 15:00,19/02/2024 15:30,13.23,6.86
19/02/2024 15:30,19/02/2024 16:00,12.97,6.74
19/02/2024 16:00,19/02/2024 16:30,25.11,12.43
19/02/2024 16:30,19/02/2024 17:00,27.77,13.59
19/02/2024 17:00,19/02/2024 17:30,26.71,13.13
19/02/2024 17:30,19/02/2024 18:00,28.68,13.99
19/02/2024 18:00,19/02/2024 18:30,28.17,13.77
19/02/2024 18:30,19/02/2024 19:00,26.84,13.19
19/02/2024 19:00,19/02/2024 19:30,16.76,8.40
19/02/2024 19:30,19/02/2024 20:00,14.33,7.34
19/02/2024 20:00,19/02/2024 20:30,13.49,6.98
19/02/2024 20:30,19/02/2024 21:00,12.13,6.38
19/02/2024 21:00,19/02/2024 21:30,12.29,6.45
19/02/2024 21:30,19/02/2024 22:00,12.85,6.70
19/02/2024 22:00,19/02/2024 22:30,12.95,6.74
19/02/2024 22:30,19/02/2024 23:00,10.58,5.71
19/02/2024 23:00,19/02/2024 23:30,11.07,5.92
19/02/2024 23:30,20/02/2024 00:00,7.72,4.46
20/02/2024 00:00,20/02/2024 00:30,7.94,4.56
20/02/2024 00:30,20/02/2024 01:00,9.92,5.42
20/02/2024 01:00,20/02/2024 01:30,10.80,5.80
20/02/2024 01:30,20/02/2024 02:00,10.78,5.79
20/02/2024 02:00,20/02/2024 02:30,11.03,5.90
20/02/2024 02:30,20/02/2024 03:00,9.23,5.12
20/02/2024 03:00,20/02/2024 03:30,10.80,5.80
20/02/2024 03:30,20/02/2024 04:00,8.38,4.75
20/02/2024 04:00,20/02/2024 04:30,11.05,5.91
20/02/2024 04:30,20/02/2024 05:00,9.18,5.09
20/02/2024 05:00,20/02/2024 05:30,13.22,6.86
20/02/2024 05:30,20/02/2024 06:00,12.77,6.66
20/02/2024 06:00,20/02/2024 06:30,13.76,7.09
20/02/2024 06:30,20/02/2024 07:00,16.10,8.11
20/02/2024 07:00,20/02/2024 07:30,15.46,7.83
20/02/2024 07:30,20/02/2024 08:00,16.58,8.32
20/02/2024 08:00,20/02/2024 08:30,13.27,6.88
20/02/2024 08:30,20/02/2024 09:00,14.77,7.53
20/02/2024 09:00,20/02/2024 09:30,12.79,6.67
20/02/2024 09:30,20/02/2024 10:00,12.61,6.59
20/02/2024 10:00,20/02/2024 10:30,12.12,6.38
20/02/2024 10:30,20/02/2024 11:00,11.91,6.28
20/02/2024 11:00,20/02/2024 11:30,11.03,5.90
20/02/2024 11:30,20/02/2024 12:00,11.03,5.90
20/02/2024 12:00,20/02/2024 12:30,11.03,5.90
20/02/2024 12:30,20/02/2024 13:00,11.03,5.90
20/02/2024 13:00,20/02/2024 13:30,11.03,5.90
20/02/2024 13:30,20/02/2024 14:00,11.47,6.09
20/02/2024 14:00,20/02/2024 14:30,11.91,6.28
20/02/2024 14:30,20/02/2024 15:00,11.69,6.19
20/02/2024 15:00,20/02/2024 15:30,13.01,6.76
20/02/2024 15:30,20/02/2024 16:00,13.05,6.78
20/02/2024 16:00,20/02/2024 16:30,24.51,12.17
20/02/2024 16:30,20/02/2024 17:00,26.05,12.85
20/02/2024 17:00,20/02/2024 17:30,24.66,12.24
20/02/2024 17:30,20/02/2024 18:00,26.95,13.24
20/02/2024 18:00,20/02/2024 18:30,27.66,13.55
20/02/2024 18:30,20/02/2024 19:00,28.04,13.71
20/02/2024 19:00,20/02/2024 19:30,15.39,7.80
20/02/2024 19:30,20/02/2024 20:00,14.84,7.56
20/02/2024 20:00,20/02/2024 20:30,14.25,7.30
20/02/2024 20:30,20/02/2024 21:00,13.13,6.81
20/02/2024 21:00,20/02/2024 21:30,13.89,7.15
20/02/2024 21:30,20/02/2024 22:00,12.33,6.47
20/02/2024 22:00,20/02/2024 22:30,12.35,6.48
20/02/2024 22:30,20/02/2024 23:00,11.91,6.28
20/02/2024 23:00,20/02/2024 23:30,12.17,6.40
20/02/2024 23:30,21/02/2024 00:00,12.17,6.40
21/02/2024 00:00,21/02/2024 00:30,12.09,6.36
21/02/2024 00:30,21/02/2024 01:00,12.17,6.40
21/02/2024 01:00,21/02/2024 01:30,12.04,6.34
21/02/2024 01:30,21/02/2024 02:00,10.89,5.84
21/02/2024 02:00,21/02/2024 02:30,9.70,5.32
21/02/2024 02:30,21/02/2024 03:00,7.30,4.28
21/02/2024 03:00,21/02/2024 03:30,10.14,5.52
21/02/2024 03:30,21/02/2024 04:00,6.05,3.74
21/02/2024 04:00,21/02/2024 04:30,9.26,5.13
21/02/2024 04:30,21/02/2024 05:00,6.17,3.79
21/02/2024 05:00,21/02/2024 05:30,9.70,5.32
21/02/2024 05:30,21/02/2024 06:00,9.92,5.42
21/02/2024 06:00,21/02/2024 06:30,12.17,6.40
21/02/2024 06:30,21/02/2024 07:00,14.55,7.44
21/02/2024 07:00,21/02/2024 07:30,12.37,6.49
21/02/2024 07:30,21/02/2024 08:00,14.55,7.44
21/02/2024 08:00,21/02/2024 08:30,12.17,6.40
21/02/2024 08:30,21/02/2024 09:00,13.73,7.08
21/02/2024 09:00,21/02/2024 09:30,12.21,6.42
21/02/2024 09:30,21/02/2024 10:00,12.39,6.50
21/02/2024 10:00,21/02/2024 10:30,11.93,6.29
21/02/2024 10:30,21/02/2024 11:00,11.93,6.29
21/02/2024 11:00,21/02/2024 11:30,11.29,6.02
21/02/2024 11:30,21/02/2024 12:00,11.38,6.05
21/02/2024 12:00,21/02/2024 12:30,11.25,6.00
21/02/2024 12:30,21/02/2024 13:00,11.16,5.96
21/02/2024 13:00,21/02/2024 13:30,11.25,6.00
21/02/2024 13:30,21/02/2024 14:00,11.03,5.90
21/02/2024 14:00,21/02/2024 14:30,10.94,5.86
21/02/2024 14:30,21/02/2024 15:00,10.94,5.86
21/02/2024 15:00,21/02/2024 15:30,10.36,5.61
21/02/2024 15:30,21/02/2024 16:00,11.07,5.92
21/02/2024 16:00,21/02/2024 16:30,23.63,11.79
21/02/2024 16:30,21/02/2024 17:00,25.83,12.75
21/02/2024 17:00,21/02/2024 17:30,24.77,12.29
21/02/2024 17:30,21/02/2024 18:00,27.77,13.59
21/02/2024 18:00,21/02/2024 18:30,28.48,13.90
21/02/2024 18:30,21/02/2024 19:00,27.77,13.59
21/02/2024 19:00,21/02/2024 19:30,15.52,7.86
21/02/2024 19:30,21/02/2024 20:00,14.47,7.40
21/02/2024 20:00,21/02/2024 20:30,14.11,7.24
21/02/2024 20:30,21/02/2024 21:00,13.23,6.86
21/02/2024 21:00,21/02/2024 21:30,13.05,6.78
21/02/2024 21:30,21/02/2024 22:00,11.03,5.90
21/02/2024 22:00,21/02/2024 22:30,8.80,4.93
21/02/2024 22:30,21/02/2024 23:00,4.61,3.11
21/02/2024 23:00,21/02/2024 23:30,6.39,3.88
21/02/2024 23:30,22/02/2024 00:00,3.53,2.64
22/02/2024 00:00,22/02/2024 00:30,3.31,2.54
22/02/2024 00:30,22/02/2024 01:00,5.21,3.37
22/02/2024 01:00,22/02/2024 01:30,5.29,3.40
22/02/2024 01:30,22/02/2024 02:00,4.59,3.10
22/02/2024 02:00,22/02/2024 02:30,6.39,3.88
22/02/2024 02:30,22/02/2024 03:00,6.17,3.79
22/02/2024 03:00,22/02/2024 03:30,6.62,3.98
22/02/2024 03:30,22/02/2024 04:00,4.93,3.25
22/02/2024 04:00,22/02/2024 04:30,8.80,4.93
22/02/2024 04:30,22/02/2024 05:00,8.80,4.93
22/02/2024 05:00,22/02/2024 05:30,9.92,5.42
22/02/2024 05:30,22/02/2024 06:00,10.58,5.71
22/02/2024 06:00,22/02/2024 06:30,11.91,6.28
22/02/2024 06:30,22/02/2024 07:00,12.26,6.44
22/02/2024 07:00,22/02/2024 07:30,13.23,6.86
22/02/2024 07:30,22/02/2024 08:00,16.60,8.33
22/02/2024 08:00,22/02/2024 08:30,13.13,6.81
22/02/2024 08:30,22/02/2024 09:00,13.95,7.18
22/02/2024 09:00,22/02/2024 09:30,13.89,7.15
22/02/2024 09:30,22/02/2024 10:00,13.91,7.16
22/02/2024 10:00,22/02/2024 10:30,13.23,6.86
22/02/2024 10:30,22/02/2024 11:00,12.59,6.58
22/02/2024 11:00,22/02/2024 11:30,13.29,6.89
22/02/2024 11:30,22/02/2024 12:00,13.57,7.00
22/02/2024 12:00,22/02/2024 12:30,13.45,6.96
22/02/2024 12:30,22/02/2024 13:00,13.45,6.96
22/02/2024 13:00,22/02/2024 13:30,12.85,6.70
22/02/2024 13:30,22/02/2024 14:00,12.33,6.47
22/02/2024 14:00,22/02/2024 14:30,12.33,6.47
22/02/2024 14:30,22/02/2024 15:00,12.33,6.47
22/02/2024 15:00,22/02/2024 15:30,10.19,5.54
22/02/2024 15:30,22/02/2024 16:00,12.29,6.45
22/02/2024 16:00,22/02/2024 16:30,24.73,12.27
22/02/2024 16:30,22/02/2024 17:00,26.49,13.04
22/02/2024 17:00,22/02/2024 17:30,27.91,13.66
22/02/2024 17:30,22/02/2024 18:00,29.54,14.36
22/02/2024 18:00,22/02/2024 18:30,30.14,14.62
22/02/2024 18:30,22/02/2024 19:00,28.26,13.81
22/02/2024 19:00,22/02/2024 19:30,15.44,7.82
22/02/2024 19:30,22/02/2024 20:00,14.33,7.34
22/02/2024 20:00,22/02/2024 20:30,13.19,6.84
22/02/2024 20:30,22/02/2024 21:00,11.36,6.04
22/02/2024 21:00,22/02/2024 21:30,12.43,6.51
22/02/2024 21:30,22/02/2024 22:00,12.13,6.38
22/02/2024 22:00,22/02/2024 22:30,10.34,5.60
22/02/2024 22:30,22/02/2024 23:00,8.46,4.79
22/02/2024 23:00,22/02/2024 23:30,12.35,6.48
22/02/2024 23:30,23/02/2024 00:00,11.97,6.31
23/02/2024 00:00,23/02/2024 00:30,11.71,6.20
23/02/2024 00:30,23/02/2024 01:00,12.57,6.57
23/02/2024 01:00,23/02/2024 01:30,12.31,6.46
23/02/2024 01:30,23/02/2024 02:00,11.47,6.09
23/02/2024 02:00,23/02/2024 02:30,11.03,5.90
23/02/2024 02:30,23/02/2024 03:00,10.36,5.61
23/02/2024 03:00,23/02/2024 03:30,9.70,5.32
23/02/2024 03:30,23/02/2024 04:00,8.82,4.94
23/02/2024 04:00,23/02/2024 04:30,8.82,4.94
23/02/2024 04:30,23/02/2024 05:00,8.60,4.84
23/02/2024 05:00,23/02/2024 05:30,9.92,5.42
23/02/2024 05:30,23/02/2024 06:00,9.92,5.42
23/02/2024 06:00,23/02/2024 06:30,12.35,6.48
23/02/2024 06:30,23/02/2024 07:00,12.11,6.37
23/02/2024 07:00,23/02/2024 07:30,12.79,6.67
23/02/2024 07:30,23/02/2024 08:00,13.67,7.05
23/02/2024 08:00,23/02/2024 08:30,14.99,7.63
23/02/2024 08:30,23/02/2024 09:00,15.88,8.01
23/02/2024 09:00,23/02/2024 09:30,15.17,7.70
23/02/2024 09:30,23/02/2024 10:00,14.33,7.34
23/02/2024 10:00,23/02/2024 10:30,12.09,6.36
23/02/2024 10:30,23/02/2024 11:00,11.97,6.31
23/02/2024 11:00,23/02/2024 11:30,11.22,5.99
23/02/2024 11:30,23/02/2024 12:00,11.97,6.31
23/02/2024 12:00,23/02/2024 12:30,12.57,6.57
23/02/2024 12:30,23/02/2024 13:00,12.62,6.60
23/02/2024 13:00,23/02/2024 13:30,13.23,6.86
23/02/2024 13:30,23/02/2024 14:00,13.23,6.86
23/02/2024 14:00,23/02/2024 14:30,14.33,7.34
23/02/2024 14:30,23/02/2024 15:00,13.57,7.00
23/02/2024 15:00,23/02/2024 15:30,12.87,6.71
23/02/2024 15:30,23/02/2024 16:00,13.23,6.86
23/02/2024 16:00,23/02/2024 16:30,26.09,12.87
23/02/2024 16:30,23/02/2024 17:00,28.70,14.00
23/02/2024 17:00,23/02/2024 17:30,30.24,14.67
23/02/2024 17:30,23/02/2024 18:00,30.46,14.77
23/02/2024 18:00,23/02/2024 18:30,30.18,14.64
23/02/2024 18:30,23/02/2024 19:00,30.02,14.57
23/02/2024 19:00,23/02/2024 19:30,17.86,8.88
23/02/2024 19:30,23/02/2024 20:00,17.38,8.66
23/02/2024 20:00,23/02/2024 20:30,16.19,8.15
23/02/2024 20:30,23/02/2024 21:00,13.23,6.86
23/02/2024 21:00,23/02/2024 21:30,14.01,7.20
23/02/2024 21:30,23/02/2024 22:00,11.97,6.31
23/02/2024 22:00,23/02/2024 22:30,13.23,6.86
23/02/2024 22:30,23/02/2024 23:00,12.45,6.52
23/02/2024 23:00,23/02/2024 23:30,-,-
23/02/2024 23:30,24/02/2024 00:00,-,-